name,product_url,price,original_price,image_url,sku,category
Thanh trượt sen tắm (loại tròn) TBW01016B,https://tototuantu.vn/products/thanh-truot-sen-tam-loai-tron-tbw01016b,"1,760,000₫",,https://product.hstatic.net/1000238289/product/tbw01016b-removebg-preview_86828dbc2d194904ab53d2833475b274_medium.png,,sen-tam
Van gật gù điều chỉnh nóng lạnh GA TBG04304BB#MBL/TBN01001B,https://tototuantu.vn/products/van-gat-gu-dieu-chinh-nong-lanh-ga-tbg04304bb-mbl-tbn01001b,"7,753,200₫","9,940,000₫",https://product.hstatic.net/1000238289/product/tbg04304bb_mbl_1461db2af73a4c41a58e90c03cd6edf8_medium.jpg,,sen-tam
Van điều chỉnh nóng lạnh GS TBG03304BB,https://tototuantu.vn/products/van-dieu-chinh-nong-lanh-gs-tbg03304bb,"7,020,000₫","9,000,000₫",https://product.hstatic.net/1000238289/product/tbg03304bb_mbl_0a6a39bb3fd1493582cff7d17d9488e8_medium.jpg,,sen-tam
Bộ sen tắm nóng lạnh TTMR302V/TBW07012A,https://tototuantu.vn/products/bo-sen-tam-nong-lanh-ttmr302v-tbw07012a,"4,127,760₫","5,292,000₫",https://product.hstatic.net/1000238289/product/ttmr302vtbw07012a_4x_1a2a2bd587bb4147ac52b03865b2f82a_medium.png,,sen-tam
Bộ sen tắm nóng lạnh TTMR302V/TBW07009A,https://tototuantu.vn/products/bo-sen-tam-nong-lanh-ttmr302v-tbw07009a,"4,303,260₫","5,517,000₫",https://product.hstatic.net/1000238289/product/ttmr302vtbw07009a_4x_de0805990e484b7db2895db3474695c4_medium.png,,sen-tam
Bộ sen tắm nóng lạnh TTMR302V/TBW03002B,https://tototuantu.vn/products/bo-sen-tam-nong-lanh-ttmr302v-tbw03002b,"4,548,960₫","5,832,000₫",https://product.hstatic.net/1000238289/product/ttmr302vtbw03002b_4x_714dbc685a544150af76d1ed5d07928c_medium.png,,sen-tam
Bộ sen tắm nóng lạnh Rei-s TTMR302V/DGH108ZR,https://tototuantu.vn/products/bo-sen-tam-nong-lanh-rei-s-ttmr302v-dgh108zr,"4,219,020₫","5,409,000₫",https://product.hstatic.net/1000238289/product/ttmr302vdgh108zr_4x_fc48487b373c47528a0a622637abd871_medium.png,,sen-tam
Bộ sen tắm nóng lạnh Rei-s TTMR302V/DGH104ZR,https://tototuantu.vn/products/bo-sen-tam-nong-lanh-rei-s-ttmr302v-dgh104zr,"3,683,160₫","4,722,000₫",https://product.hstatic.net/1000238289/product/ttmr302vdgh104zr_4x_3854de67f10846fa989b33f2978aea56_medium.png,,sen-tam
Bát sen gắn tường dòng Z TBW07004A/TBN01002B,https://tototuantu.vn/products/bat-sen-gan-tuong-dong-z-tbw07004a-tbn01002b,"22,167,600₫","28,420,000₫",https://product.hstatic.net/1000238289/product/tbw07004a_fe949ff9653e45a9a8f789d4bf6f1793_medium.jpg,,sen-tam
Bộ sen tắm nóng lạnh LF TBS04302V/TBW07012A,https://tototuantu.vn/products/bo-sen-tam-nong-lanh-lf-tbs04302v-tbw07012a,"3,449,160₫","4,422,000₫",https://product.hstatic.net/1000238289/product/tbs04302vtbw07012a_4x_3d0bd8a3f3904d77a1ab375a7d55e3e3_medium.png,,sen-tam
Bộ sen tắm nóng lạnh LF TBS04302V/TBW07009A,https://tototuantu.vn/products/bo-sen-tam-nong-lanh-lf-tbs04302v-tbw07009a,"3,624,660₫","4,647,000₫",https://product.hstatic.net/1000238289/product/tbs04302vtbw07009a_4x_9cdd292fccd542ddaee75b54ae0a07eb_medium.png,,sen-tam
Bộ sen tắm nóng lạnh LC TBS03302V/TBW07012A,https://tototuantu.vn/products/bo-sen-tam-nong-lanh-lc-tbs03302v-tbw07012a,"3,449,160₫","4,422,000₫",https://product.hstatic.net/1000238289/product/tbs03302vtbw07012a_4x_559e61ee21f8479495e517cefe988360_medium.png,,sen-tam
Bộ sen tắm nóng lạnh LC TBS03302V/TBW07009A,https://tototuantu.vn/products/bo-sen-tam-nong-lanh-lc-tbs03302v-tbw07009a,"3,624,660₫","4,647,000₫",https://product.hstatic.net/1000238289/product/tbs03302vtbw07009a_4x_f71e7ad5ddd54a9184996958026537c7_medium.png,,sen-tam
Bộ sen tắm nóng lạnh LN TBS02302V/TBW07012A,https://tototuantu.vn/products/bo-sen-tam-nong-lanh-ln-tbs02302v-tbw07012a,"4,127,760₫","5,292,000₫",https://product.hstatic.net/1000238289/product/tbs02302vtbw07012a_4x_e0250876b96e41449f8d479fbcf209f3_medium.png,,sen-tam
Bộ sen tắm nóng lạnh LN TBS02302V/TBW07009A,https://tototuantu.vn/products/bo-sen-tam-nong-lanh-ln-tbs02302v-tbw07009a,"4,303,260₫","5,517,000₫",https://product.hstatic.net/1000238289/product/tbs02302vtbw07009a_4x_463d531024a14863b353cde5b69e98f4_medium.png,,sen-tam
Bộ sen tắm nóng lạnh LB TBS01302V/TBW07012A,https://tototuantu.vn/products/bo-sen-tam-nong-lanh-lb-tbs01302v-tbw07012a,"4,127,760₫","5,292,000₫",https://product.hstatic.net/1000238289/product/tbs01302vtbw07012a_4x_75eb7dd041904b89ba70f63dee99fbcf_medium.png,,sen-tam
Bộ sen tắm nóng lạnh LB TBS01302V/TBW07009A,https://tototuantu.vn/products/bo-sen-tam-nong-lanh-lb-tbs01302v-tbw07009a,"4,303,260₫","5,517,000₫",https://product.hstatic.net/1000238289/product/tbs01302vtbw07009a_4x_780f355f0dce4502bb43033b0ff45bae_medium.png,,sen-tam
Bộ sen tắm nóng lạnh GA TBG04302VA/TBW07012A,https://tototuantu.vn/products/bo-sen-tam-nong-lanh-ga-tbg04302va-tbw07012a,"4,611,360₫","5,912,000₫",https://product.hstatic.net/1000238289/product/voi-sen-toto-tbg04302va-tbw07012a-740x740_74a188457adf468d8462e6a19497f3bf_medium.jpg,,sen-tam
Bộ sen tắm nóng lạnh GA TBG04302VA/TBW07009A,https://tototuantu.vn/products/bo-sen-tam-nong-lanh-ga-tbg04302va-tbw07009a,"4,786,860₫","6,137,000₫",https://product.hstatic.net/1000238289/product/voi-sen-toto-tbg04302v-tbw07009a-740x740_84f23659b7054c728d3cb3c8495effdf_medium.jpg,,sen-tam
Sen tắm nóng lạnh TOTO TTMR302V,https://tototuantu.vn/products/sen-tam-nong-lanh-toto-ttmr302v,"2,932,800₫","3,760,000₫",https://product.hstatic.net/1000238289/product/ttmr302v_635b978547ef4ab19fe4992e5821ceb8_medium.jpeg,,sen-tam
Bát sen cầm tay TOTO TBW01010B2#PG mạ vàng,https://tototuantu.vn/products/bat-sen-cam-tay-toto-tbw01010b2-pg-ma-vang,"3,824,496₫","4,903,200₫",https://product.hstatic.net/1000238289/product/anh_chup_man_hinh_2024-04-06_luc_13.52.38_1b40f539bfca4e92806d01e211c8de8d_medium.png,,sen-tam
Van gật gù điều chỉnh nóng lạnh GA TBG04303BB,https://tototuantu.vn/products/van-gat-gu-dieu-chinh-nong-lanh-ga-tbg04303bb,"4,539,600₫","5,820,000₫",https://product.hstatic.net/1000238289/product/tbg04303bb_mbl_f7e8a26d90e74326bdc8138270b04a0f_medium.jpg,,sen-tam
Van gật gù điều chỉnh nóng lạnh GR kèm nút chuyển hướng TBG02304BB,https://tototuantu.vn/products/van-gat-gu-dieu-chinh-nong-lanh-gr-kem-nut-chuyen-huong-tbg02304bb,"7,378,800₫","9,460,000₫",https://product.hstatic.net/1000238289/product/tbg02304bb_mbl_a90e728335634a74b03656c01e239bb9_medium.jpg,,sen-tam
Van gật gù điều chỉnh nóng lạnh GR TBG02303BB,https://tototuantu.vn/products/van-gat-gu-dieu-chinh-nong-lanh-gr-tbg02303bb,"3,549,000₫","4,550,000₫",https://product.hstatic.net/1000238289/product/tbg02303ba_61d80575036d4fa1bc1d6316f5404b1d_medium.jpg,,sen-tam
Bộ sen cây nóng lạnh TBW02001BA/TBG02302VA/TBW02006A,https://tototuantu.vn/products/bo-sen-cay-nong-lanh-tbw02001ba-tbg02302va-tbw02006a,"18,447,200₫","23,059,000₫",https://product.hstatic.net/1000238289/product/tbw02001ba__0atbg02302va_0a_tbw02006a_4x_7fb146ae3b2d4788aa465ae8f2831a2e_medium.png,,sen-tam
Bộ sen cây nóng lạnh TBW02001BA/TBG04302VA/TBW02005A,https://tototuantu.vn/products/bo-sen-cay-nong-lanh-tbw02001ba-tbg04302va-tbw02005a,"16,954,400₫","21,193,000₫",https://product.hstatic.net/1000238289/product/tbw02001ba__0d_0atbg04302va__0d_0atbw02005a_4x_4921f2cf603d48f9ba9a062a612b8c35_medium.png,,sen-tam
Van gật gù điều chỉnh nóng lạnh TBG04304BA,https://tototuantu.vn/products/van-gat-gu-dieu-chinh-nong-lanh-tbg04304ba,"6,637,800₫","8,510,000₫",https://product.hstatic.net/1000238289/product/l-5_82349795b25745c4afbbd1dadbed4756_medium.jpg,,sen-tam
Gá sen kèm cút nối tường dòng G dáng tròn - TBW07021A,https://tototuantu.vn/products/ga-sen-kem-cut-noi-tuong-dong-g-dang-tron-tbw07021a,"1,505,400₫","1,930,000₫",https://product.hstatic.net/1000238289/product/anh_chup_man_hinh_2023-02-17_luc_11.08.10_4d0edd298e1148c08a9494a620476eeb_medium.png,,sen-tam
Cút nối tường TBW07020A,https://tototuantu.vn/products/cut-noi-tuong-tbw07020a,"881,400₫","1,130,000₫",https://product.hstatic.net/1000238289/product/anh_chup_man_hinh_2023-02-17_luc_11.03.45_83226c198105476895584303eee3cd8b_medium.png,,sen-tam
Gác sen kèm cút nối tường - TBW08010A,https://tototuantu.vn/products/gac-sen-kem-cut-noi-tuong-tbw08010a,"1,505,400₫","1,930,000₫",https://product.hstatic.net/1000238289/product/anh_chup_man_hinh_2023-02-17_luc_11.01.46_c04ded48f8be48fb9772c37e66f9ebaa_medium.png,,sen-tam
Cút nối tường - TBW08009A,https://tototuantu.vn/products/cut-noi-tuong-tbw08009a,"881,400₫","1,130,000₫",https://product.hstatic.net/1000238289/product/cut-noi-tuong-toto-tbw08009a-500x500_2f6bcb57be0440cca23c99fccb049bb7_medium.jpg,,sen-tam
Bát sen massage 3 chế độ TBW02006A,https://tototuantu.vn/products/bat-sen-massage-3-che-do-tbw02006a,"3,002,220₫","3,849,000₫",https://product.hstatic.net/1000238289/product/tbw02006a_f87bce09c8f444909ee46864659e3ba3_medium.jpg,,sen-tam
Bát sen mạ TBW02017A,https://tototuantu.vn/products/bat-sen-ma-tbw02017a,"3,545,880₫","4,546,000₫",https://product.hstatic.net/1000238289/product/tbw02017a_0b976c7abca247e789339bbc470c1c68_medium.jpg,,sen-tam
Thân sen cây TBW02002BA 2 chế độ massage,https://tototuantu.vn/products/than-sen-cay-tbw02002ba-2-che-do-massage,"11,551,800₫","14,810,000₫",https://product.hstatic.net/1000238289/product/tbw02002ba_005090f835f94e55924dc194e4ca0a19_medium.jpg,,sen-tam
bát sen TBW07011A,https://tototuantu.vn/products/bat-sen-tbw07011a,"1,033,500₫","1,325,000₫",https://product.hstatic.net/1000238289/product/tbw07011_1_ad122c06e7c24f5e97a37d930dad926a_medium.jpg,,sen-tam
Bát sen TBW07008A,https://tototuantu.vn/products/bat-sen-tbw07008a,"1,194,960₫","1,532,000₫",https://product.hstatic.net/1000238289/product/tbw07008.jpg.pagespeed.ce.06ixgxmk3v_c4e5467f4c9d4603884b6d4c1cdf47f7_medium.jpg,,sen-tam
Sen cây nhiệt độ TBW01402AA,https://tototuantu.vn/products/sen-cay-nhiet-do-tbw01402aa,"16,988,400₫","21,780,000₫",https://product.hstatic.net/1000238289/product/tbw01402aa_1.jpg.pagespeed.ce.nk4yycodd6_2ad5715320ec41189f9a06dc5592904a_medium.jpg,,sen-tam
Sen cây nhiệt độ TX454SFV2BRN,https://tototuantu.vn/products/sen-cay-nhiet-do-tx454sfv2brn,"19,905,600₫","25,520,000₫",https://product.hstatic.net/1000238289/product/xtx454sfv2brs.jpg.pagespeed.ic.nbbjiru87i_e2d56e65283e4d719b12add0d24bcd54_medium.jpg,,sen-tam
Thanh Trượt Sen Tắm TOTO TBW07019A 740mm,https://tototuantu.vn/products/thanh-truot-sen-tam-toto-tbw07019a-740mm,"1,723,800₫","2,210,000₫",https://product.hstatic.net/1000238289/product/tbw07019a.jpg.pagespeed.ce.haplccr_qw_3764853776c84751b95a277cf9d26993_medium.jpg,,sen-tam
Thanh Trượt Sen Tắm TOTO TBW07018A 950mm,https://tototuantu.vn/products/thanh-truot-sen-tam-toto-tbw07018a-950mm,"1,903,200₫","2,440,000₫",https://product.hstatic.net/1000238289/product/tbw07018a_cec2097b21c841b9a059b440e520f95f_medium.jpg,,sen-tam
Đầu Phun Sen Âm Tường TOTO TBW07017A 2 Chế Độ,https://tototuantu.vn/products/dau-phun-sen-am-tuong-toto-tbw07017a-2-che-do,"2,191,800₫","2,810,000₫",https://product.hstatic.net/1000238289/product/tbw07017b.jpg.pagespeed.ce.mszuqjrkn-_ced0bc38016a47f98a5b787506de2c46_medium.jpg,,sen-tam
Đầu Phun Sen Âm Tường TOTO TBW08008A 1 Chế Độ,https://tototuantu.vn/products/dau-phun-sen-am-tuong-toto-tbw08008a-1-che-do,"4,048,200₫","5,190,000₫",https://product.hstatic.net/1000238289/product/tbw08008.jpg.pagespeed.ce._cdly78s8o_68350a8730c14cfda62a5da997e3c8e7_medium.jpg,,sen-tam
Tay Sen TOTO TBW07012A 3 Chế Độ 90mm,https://tototuantu.vn/products/tay-sen-toto-tbw07012a-3-che-do-90mm,"1,194,960₫","1,532,000₫",https://product.hstatic.net/1000238289/product/tbw07009.jpg.pagespeed.ce.tqpmulpkv8_4b39d84f8c504088a41e2b753ca4f939_medium.jpg,,sen-tam
Tay Sen TOTO TBW07009A 3 Chế Độ 110mm,https://tototuantu.vn/products/tay-sen-toto-tbw07009a-3-che-do-110mm,"1,370,460₫","1,757,000₫",https://product.hstatic.net/1000238289/product/tbw07009.jpg.pagespeed.ce.tqpmulpkv8_a6fe54f764224e84ab4fd9badb097bb6_medium.jpg,,sen-tam
Bát sen gắn trần TOTO TBW07001A1 Tròn 200mm Dòng G,https://tototuantu.vn/products/bat-sen-gan-tran-toto-tbw07001a1-tron-200mm-dong-g,"5,772,000₫","7,400,000₫",https://product.hstatic.net/1000238289/product/tbw07001a1_7fe20a4510fb404283550a530fe778dd_medium.jpg,,sen-tam
Bát sen gắn trần TOTO TBW07002A1 Tròn 250mm Dòng G,https://tototuantu.vn/products/bat-sen-gan-tran-toto-tbw07002a1-tron-250mm-dong-g,"7,620,600₫","9,770,000₫",https://product.hstatic.net/1000238289/product/tbw07002a1_3dcfabbd39734c5fb21b1fd484b5cd5f_medium.jpg,,sen-tam
Bát sen gắn trần TOTO TBW07003A1 Tròn 300mm Dòng G,https://tototuantu.vn/products/bat-sen-gan-tran-toto-tbw07003a1-tron-300mm-dong-g,"9,461,400₫","12,130,000₫",https://product.hstatic.net/1000238289/product/tbw07003a1.jpg.pagespeed.ce.hi5bigpcee_bf4cab06d6964779a95312c888216607_medium.jpg,,sen-tam
Bát sen gắn tường TOTO TBW07001A Tròn 200mm Dòng G,https://tototuantu.vn/products/bat-sen-gan-tuong-toto-tbw07001a-tron-200mm-dong-g,"6,076,200₫","7,790,000₫",https://product.hstatic.net/1000238289/product/tbw07001a_c516eaac4526437f9ecc1ebe880260d1_medium.jpg,,sen-tam
Bát sen gắn tường TOTO TBW07002A Tròn 250mm Dòng G,https://tototuantu.vn/products/bat-sen-gan-tuong-toto-tbw07002a-tron-250mm-dong-g,"8,018,400₫","10,280,000₫",https://product.hstatic.net/1000238289/product/tbw07002a.jpg.pagespeed.ce.x7hqyen2vn_848ae02ab1af44c48d43e4eb544b12a7_medium.jpg,,sen-tam
Bát sen gắn tường TOTO TBW07003A Tròn 300mm Dòng G,https://tototuantu.vn/products/bat-sen-gan-tuong-toto-tbw07003a-tron-300mm-dong-g,"9,952,800₫","12,760,000₫",https://product.hstatic.net/1000238289/product/tbw07003a.jpg.pagespeed.ce.q1rgj36hvt_5ab45de2efba4f3eb4c2ab6d47a60c4a_medium.jpg,,sen-tam
Bát sen gắn tường TOTO TBW07004A Tròn 300mm,https://tototuantu.vn/products/bat-sen-gan-tuong-toto-tbw07004a-tron-300mm,"19,936,800₫","25,560,000₫",https://product.hstatic.net/1000238289/product/tbw07004a.jpg.pagespeed.ce.g8o0v7syum_543e3c6cfbef4886b842dcaa0b8be643_medium.jpg,,sen-tam
Bát sen gắn trần TOTO TBW08001A1 Vuông 200mm Dòng G,https://tototuantu.vn/products/bat-sen-gan-tran-toto-tbw08001a1-vuong-200mm-dong-g,"5,772,000₫","7,400,000₫",https://product.hstatic.net/1000238289/product/tbw08001a1__1__ea0f5454354e432ba98f9781e0950270_medium.jpg,,sen-tam
Bát sen gắn trần TOTO TBW08002A1 Vuông 250mm Dòng G,https://tototuantu.vn/products/bat-sen-gan-tran-toto-tbw08002a1-vuong-250mm-dong-g,"7,620,600₫","9,770,000₫",https://product.hstatic.net/1000238289/product/tbw08002a1_5e4864f60308478084e75b86b9f6786a_medium.jpg,,sen-tam
Bát sen gắn trần TOTO TBW08003A1 Vuông 300mm Dòng G,https://tototuantu.vn/products/bat-sen-gan-tran-toto-tbw08003a1-vuong-300mm-dong-g,"9,461,400₫","12,130,000₫",https://product.hstatic.net/1000238289/product/tbw08003a1_9d1ab20696424241a3c46f5d6fa5a56a_medium.jpg,,sen-tam
Bát sen gắn tường TOTO TBW08001A Vuông 200mm Dòng G,https://tototuantu.vn/products/bat-sen-gan-tuong-toto-tbw08001a-vuong-200mm-dong-g,"6,076,200₫","7,790,000₫",https://product.hstatic.net/1000238289/product/tbw08001a_14201adf8a2e400787d577f6b5ea4f53_medium.jpg,,sen-tam
Bát sen gắn tường TOTO TBW08002A Vuông 250mm Dòng G,https://tototuantu.vn/products/bat-sen-gan-tuong-toto-tbw08002a-vuong-250mm-dong-g,"8,018,400₫","10,280,000₫",https://product.hstatic.net/1000238289/product/tbw08002a_ae1d01ec2e7e4fabac3645557d36e1c0_medium.jpg,,sen-tam
Bát sen gắn tường TOTO TBW08003A Vuông 300mm Dòng G,https://tototuantu.vn/products/bat-sen-gan-tuong-toto-tbw08003a-vuong-300mm-dong-g,"9,952,800₫","12,760,000₫",https://product.hstatic.net/1000238289/product/tbw08003a_f89e480da45c499bb845008a727d493c_medium.jpg,,sen-tam
Bát sen gắn tường TOTO TBW08004A Chữ Nhật 490 x 270 mm,https://tototuantu.vn/products/bat-sen-gan-tuong-toto-tbw08004a-chu-nhat-490-x-270-mm,"32,900,400₫","42,180,000₫",https://product.hstatic.net/1000238289/product/tbw08004a.jpg.pagespeed.ce.ndggkbsj2g_a5d8c36f1e964799830169186920e105_medium.jpg,,sen-tam
Vòi Sen Cây TOTO TBW01404AA Nhiệt Độ Massage 220mm,https://tototuantu.vn/products/voi-sen-cay-toto-tbw01404aa-nhiet-do-massage-220mm,"17,300,400₫","22,180,000₫",https://product.hstatic.net/1000238289/product/tbw01404aa_1_6ad7739380b24f54980d146317440266_medium.jpg,,sen-tam
Vòi Sen Cây TOTO TBW01401AA Nhiệt Độ Xả Xô 220mm,https://tototuantu.vn/products/voi-sen-cay-toto-tbw01401aa-nhiet-do-xa-xo-220mm,"18,564,000₫","23,800,000₫",https://product.hstatic.net/1000238289/product/tbw01401aa_1.jpg.pagespeed.ce.d8i8fh2i_c_92bc1adfcf894bafa4b21e318ffeebe6_medium.jpg,,sen-tam
Vòi Sen Cây TOTO TBW01303AB Nóng Lạnh Massage 220mm,https://tototuantu.vn/products/voi-sen-cay-toto-tbw01303ab-nong-lanh-massage-220mm,"16,450,200₫","21,090,000₫",https://product.hstatic.net/1000238289/product/tbw01303aa_1.jpg.pagespeed.ce.60sqvpwlhp_cd514428cf85455289fdc3e062735f08_medium.jpg,,sen-tam
Vòi Sen Cây TOTO TBW01301AB Nóng Lạnh Xả Xô 220mm,https://tototuantu.vn/products/voi-sen-cay-toto-tbw01301ab-nong-lanh-xa-xo-220mm,"17,737,200₫","22,740,000₫",https://product.hstatic.net/1000238289/product/tbw01301aa_3.jpg.pagespeed.ce.zwrxibvki9_355a4728695b4b6488a381b8bc2e98e3_medium.jpg,,sen-tam
Thân Sen Cây TOTO TBW07005A Bát Tròn 200mm,https://tototuantu.vn/products/than-sen-cay-toto-tbw07005a-bat-tron-200mm,"11,122,800₫","14,260,000₫",https://product.hstatic.net/1000238289/product/tbw07005b_e39fe6a846dc45bdbde93347cc4ea797_medium.jpg,,sen-tam
Thân Sen Cây TOTO TBW07006A Bát Tròn 250mm,https://tototuantu.vn/products/than-sen-cay-toto-tbw07006a-bat-tron-250mm,"12,737,400₫","16,330,000₫",https://product.hstatic.net/1000238289/product/tbw07006b_1a193292e3b54ae38c072ea47efe1665_medium.jpg,,sen-tam
Thân Sen Cây TOTO TBW08006A Bát Vuông 250mm,https://tototuantu.vn/products/than-sen-cay-toto-tbw08006a-bat-vuong-250mm,"12,737,400₫","16,330,000₫",https://product.hstatic.net/1000238289/product/tbw08006b.jpg.pagespeed.ce.g2gnq2urbs_d9734aa6f47d4c86ac1bb86bf2520177_medium.jpg,,sen-tam
Vòi Sen Cây TOTO TBW07402AA Nhiệt Độ Tròn 200mm Dòng G,https://tototuantu.vn/products/voi-sen-cay-toto-tbw07402aa-nhiet-do-tron-200mm-dong-g,"18,454,800₫","23,660,000₫",https://product.hstatic.net/1000238289/product/tbw07402a_b69470b72c5c433e8d6ec94068246385_medium.jpg,,sen-tam
Vòi Sen Cây TOTO TBW07401AA Nhiệt Độ Xả Xô Tròn 200mm Dòng G,https://tototuantu.vn/products/voi-sen-cay-toto-tbw07401aa-nhiet-do-xa-xo-tron-200mm-dong-g,"20,498,400₫","26,280,000₫",https://product.hstatic.net/1000238289/product/tbw07401a.jpg.pagespeed.ce.vbyahgylbo_e295350fb1bd46cb8d64baf4510860cf_medium.jpg,,sen-tam
Vòi Sen Cây TOTO TBW07404A Nhiệt Độ Tròn 200mm Dòng G,https://tototuantu.vn/products/voi-sen-cay-toto-tbw07404a-nhiet-do-tron-200mm-dong-g,"22,011,600₫","28,220,000₫",https://product.hstatic.net/1000238289/product/tbw07404b_d5e4d2abf9c14c4f9f71804a0f687d10_medium.jpg,,sen-tam
Vòi Sen Cây TOTO TBW07403A Nhiệt Độ Xả Xô Tròn 250mm Dòng G,https://tototuantu.vn/products/voi-sen-cay-toto-tbw07403a-nhiet-do-xa-xo-tron-250mm-dong-g,"24,460,800₫","31,360,000₫",https://product.hstatic.net/1000238289/product/tbw07403b.jpg.pagespeed.ce.tlssxpcqlx_f7695ff8bdc040d982f6ed26dd216ce1_medium.jpg,,sen-tam
Vòi Sen Cây TOTO TBW08406A Nhiệt Độ Vuông 300mm,https://tototuantu.vn/products/voi-sen-cay-toto-tbw08406a-nhiet-do-vuong-300mm,"26,574,600₫","34,070,000₫",https://product.hstatic.net/1000238289/product/tbw08406a_2.jpg.pagespeed.ce.pdcadlun8t_563b19a2a34144dbbe9eed6352c13220_medium.jpg,,sen-tam
Vòi Sen Cây TOTO TBW08405A Nhiệt Độ kèm vòi Xả Bồn Vuông 300mm,https://tototuantu.vn/products/voi-sen-cay-toto-tbw08405a-nhiet-do-kem-voi-xa-bon-vuong-300mm,"29,523,000₫","37,850,000₫",https://product.hstatic.net/1000238289/product/tbw08405a_aaed81934f6f4d50be3263a82e6ede91_medium.jpg,,sen-tam
Sen Cây TOTO TBW08408A Nhiệt Độ Chữ Nhật 490 x 270 mm,https://tototuantu.vn/products/sen-cay-toto-tbw08408a-nhiet-do-chu-nhat-490-x-270-mm,"234,530,400₫","300,680,000₫",https://product.hstatic.net/1000238289/product/tbw08407a_1.jpg.pagespeed.ce.2fyrkbfs70_29d6d8386cb344d9a3936662eee44c7a_medium.jpg,,sen-tam
Sen Cây TOTO TBW08407A Nhiệt Độ Chữ Nhật 490 x 270 mm,https://tototuantu.vn/products/sen-cay-toto-tbw08407a-nhiet-do-chu-nhat-490-x-270-mm,"225,864,600₫","289,570,000₫",https://product.hstatic.net/1000238289/product/tbw08407a_1.jpg.pagespeed.ce.2fyrkbfs70_3601192c87f34992996d80dc70423606_medium.jpg,,sen-tam
Bộ sen âm bát sen gắn trần TOTO mạ vàng TBW02003B1A,https://tototuantu.vn/products/bo-sen-am-bat-sen-gan-tran-toto-ma-vang-tbw02003b1a,"30,644,640₫","39,288,000₫",https://product.hstatic.net/1000238289/product/_tbw02003b1a_pfg__2_31c686b8287449b2a291f6123357dd47_medium.png,,sen-tam
Bộ sen âm tường TOTO DBX114-1CAM TBV02406B/TBN01001B TBW02006V TBW02011B,https://tototuantu.vn/products/bo-sen-am-tuong-toto-dbx114-1cam-tbv02406b-tbn01001b-tbw02006v-tbw02011b,"47,193,120₫","60,504,000₫",https://product.hstatic.net/1000238289/product/dbx114-1cam_5004c176847c448b8cf99463c984f2e6_medium.png,DBX114-1CAM,sen-tam
Bộ sen âm tường TOTO DBX114CAMR,https://tototuantu.vn/products/bo-sen-am-tuong-toto-dbx114camr,"54,043,080₫","69,286,000₫",https://product.hstatic.net/1000238289/product/7aa1b65567dca282fbcd_c621d8a1e8f84902814a92492b1bf7fd_medium.jpg,,sen-tam
Bộ sen âm tường TOTO TBW02004A TBV02406B/TBN01001B TBW01014B TBW02006A TBW02011B,https://tototuantu.vn/products/bo-sen-am-tuong-toto-tbw02004a-tbv02406b-tbn01001b-tbw01014b-tbw02006a-tbw02011b,"26,723,580₫","34,261,000₫",https://product.hstatic.net/1000238289/product/bv02406b_tbn01001b__0d_0a_tbw01014b__0d_0a_tbw02006a__0d_0a_tbw02011b__0c6f2016479c497b9487f4eaf9cc2286_medium.png,,sen-tam
Bộ sen tắm âm tường TBW01004A TBG09304V/TBN01001B TBW01014B TBW01010A TBW01015B,https://tototuantu.vn/products/bo-sen-tam-am-tuong-tbw01004a-tbg09304v-tbn01001b-tbw01014b-tbw01010a-tbw01015b,"18,081,180₫","23,181,000₫",https://product.hstatic.net/1000238289/product/_tbw01004a__367f2414e3674008be676a55ea23b554_medium.png,,sen-tam
Bộ sen âm tường bát sen trần TOTO,https://tototuantu.vn/products/bo-sen-am-tuong-bat-sen-tran-toto,"25,237,680₫","32,356,000₫",https://product.hstatic.net/1000238289/product/_tbw01003a__482d73b8e75b45b197c9b2f6b167c7cc_medium.png,,sen-tam
Bộ sen âm tường TBW02004A/TBG07304V/TBN01001B/TBW02013B/TBW02006V,https://tototuantu.vn/products/bo-sen-am-tuong-tbw02004a-tbg07304v-tbn01001b-tbw02013b-tbw02006v,"19,336,980₫","24,791,000₫",https://product.hstatic.net/1000238289/product/ban_sao____2_fccb09beff124ec6a7d265842a3bd797_medium.png,,sen-tam
"BỘ SEN TẮM ÂM TƯỜNG TOTO, 2 ĐƯỜNG NƯỚC TBW02003A",https://tototuantu.vn/products/bo-sen-tam-am-tuong-toto-2-duong-nuoc-tbw02003a,"18,578,820₫","23,819,000₫",https://product.hstatic.net/1000238289/product/___2_6cfc255ce7774971882972f2e0504000_medium.png,,sen-tam
"BỘ SEN TẮM ÂM TƯỜNG, 2 ĐƯỜNG NƯỚC - BÁT SEN GẮN TƯỜNG - MASSAGE 2 CHẾ ĐỘ",https://tototuantu.vn/products/bo-sen-tam-am-tuong-2-duong-nuoc-bat-sen-gan-tuong-massage-2-che-do,"15,276,300₫","19,585,000₫",https://product.hstatic.net/1000238289/product/a__0d_0a_tbg11304v__0d_0a_tbn01001b__0d_0a_tbw01014b__0d_0a_tbw01008a__2811dd78aae14d1fb83ee6dd9052e3cc_medium.png,,sen-tam
Bộ sen cây TOTO 2 chế độ massage - Sen tắm nhiệt độ kèm bát sen massage 3 chế độ,https://tototuantu.vn/products/bo-sen-cay-toto-2-che-do-massage-sen-tam-nhiet-do-kem-bat-sen-massage-3-che-do,"29,159,000₫",,https://product.hstatic.net/1000238289/product/_tbw01002ba__0d_0a_tbv03429v__0d_0a_tbw01010a__b1b757b151aa44b28df7772049b39159_medium.png,,sen-tam
Bộ sen cây TOTO - Sen tắm nhiệt độ Nhật Bản - Bát sen massage 3 chế độ TBW02001BA/TBV03427V/TBW02006V,https://tototuantu.vn/products/bo-sen-cay-toto-sen-tam-nhiet-do-nhat-ban-bat-sen-massage-3-che-do-tbw02001ba-tbv03427v-tbw02006v,"26,509,000₫",,https://product.hstatic.net/1000238289/product/_tbw02001ba__0d_0a_tbv03427v__0d_0a_tbw02006a__80c5f70e152c48bda91177520fd2d47a_medium.png,,sen-tam
"BỘ SEN TẮM ÂM TƯỜNG TOTO, 2 ĐƯỜNG NƯỚC",https://tototuantu.vn/products/bo-sen-tam-am-tuong-2-duong-nuoc,"16,332,420₫","20,939,000₫",https://product.hstatic.net/1000238289/product/a__0d_0a_tbg09304v__0d_0a_tbn01001b__0d_0a_tbw02006a__0d_0a_tbw02013b__dadb36ef25de473fa9fbc32fc8ecb80f_medium.png,,sen-tam
Bộ sen cây TOTO - Sen tắm nhiệt độ - Bát sen massage 5 chế độ DM907C1S/TBV03431V/TBW03002B,https://tototuantu.vn/products/bo-sen-cay-toto-sen-tam-nhiet-do-bat-sen-massage-5-che-do-dm907c1s-tbv03431v-tbw03002b,"16,822,000₫",,https://product.hstatic.net/1000238289/product/_dm907c1s__0d_0a_tbv03431v__0d_0a_tbw03002b__3e1a8af4c4af4f46901f9e3d70330e78_medium.png,,sen-tam
"BỘ SEN TẮM NHIỆT ĐỘ ÂM TƯỜNG, 2 ĐƯỜNG NƯỚC - BÁT SEN GẮN TRẦN",https://tototuantu.vn/products/bo-sen-tam-nhiet-do-am-tuong-2-duong-nuoc-bat-sen-gan-tran,"19,876,740₫","25,483,000₫",https://product.hstatic.net/1000238289/product/tbw02003b1atbv02404btbn01001btbw02013btbw02005a_d1a4094afd644434ae75bcbca358a873_medium.png,,sen-tam
Bộ sen cây TOTO - Bát sen massage 5 chế độ DM907CS/TBG01302VA/DGH108ZR,https://tototuantu.vn/products/bo-sen-cay-toto-bat-sen-massage-5-che-do-dm907cs-tbg01302va-dgh108zr,"14,779,000₫",,https://product.hstatic.net/1000238289/product/_dm907cs__0d_0a_tbg01302v__0d_0a_dgh108zr__48e9c7adc0dd465883d2b5bd511074b6_medium.png,,sen-tam
Bộ sen cây nhiệt độ TOTO 2 chế độ massage TBW01404BB/TBW01008V,https://tototuantu.vn/products/bo-sen-cay-nhiet-do-toto-2-che-do-massage-tbw01404bb-tbw01008v,"25,283,000₫",,https://product.hstatic.net/1000238289/product/_tbw01404bb__0d_0a_tbw01008a__cf4639f68d364cd0bb7ead43a5212a52_medium.png,,sen-tam
Bộ sen cây nhiệt độ TOTO TBW01401AA/TBW01010A,https://tototuantu.vn/products/bo-sen-cay-nhiet-do-toto-tbw01401aa-tbw01010a,"27,649,000₫",,https://product.hstatic.net/1000238289/product/_tbw01401bb__0d_0a_tbw01010a__56a90bb7102f465cb5688cce28101c91_medium.png,,sen-tam
BỘ SEN TẮM NHIỆT ĐỘ ÂM TƯỜNG TOTO 2 ĐƯỜNG NƯỚC - ĐIỀU KHIỂN RỜI,https://tototuantu.vn/products/bo-sen-tam-nhiet-do-am-tuong-toto-2-duong-nuoc-dieu-khien-roi,"24,112,140₫","30,913,000₫",https://product.hstatic.net/1000238289/product/b__0d_0a_tbv01407b__0d_0a_tbn01001b__0d_0a_tbw01014b__0d_0a_tbw01008a__29e726cbed8f4b9ea77e96a545b90007_medium.png,,sen-tam
BỘ SEN TẮM NHIỆT ĐỘ ÂM TƯỜNG 2 ĐƯỜNG NƯỚC - BÁT SEN TAY MASSAGE 3 CHẾ ĐỘ,https://tototuantu.vn/products/bo-sen-tam-nhiet-do-am-tuong-2-duong-nuoc-bat-sen-tay-massage-3-che-do,"46,268,820₫","59,319,000₫",https://product.hstatic.net/1000238289/product/r__0d_0a_tbv02406b__0d_0a_tbn01001b__0d_0a_tbw01014b__0d_0a_tbw02006a__f0ba7ce3f1064217b5289d98e84f1dab_medium.png,,sen-tam
BỘ SEN TẮM NHIỆT ĐỘ ÂM TƯỜNG ĐA CHỨC NĂNG - ĐIỂU KHIỂN BẰNG NÚT NHẤN BÁT SEN TƯỜNG MASSAGE 2 CHẾ ĐỘ,https://tototuantu.vn/products/bo-sen-tam-nhiet-do-am-tuong-da-chuc-nang-dieu-khien-bang-nut-nhan-bat-sen-tuong-massage-2-che-do,"49,291,320₫","63,194,000₫",https://product.hstatic.net/1000238289/product/b__0d_0a_tbn01001b__0d_0a_tbw02013b__0d_0a_tbw02017a__0d_0a_tbw02011b__e9ae8c6125e34495aa8801f707b58d6b_medium.png,,sen-tam
BỘ SEN TẮM ÂM TƯỜNG 2 ĐƯỜNG NƯỚC - BÁT SEN GẮN TRẦN (MẠ VÀNG PHÁP MỜ),https://tototuantu.vn/products/bo-sen-tam-am-tuong-2-duong-nuoc-bat-sen-gan-tran-ma-vang-phap-mo,"21,772,920₫","27,914,000₫",https://product.hstatic.net/1000238289/product/01001b__0d_0a_tbw01014b_bfg__0d_0a_tbw01008a_bfg__0d_0a_tbw01016b_bfg__91b9c79afcce4b6293d927c815321d0b_medium.png,,sen-tam
BỘ SEN TẮM ÂM TƯỜNG 2 ĐƯỜNG NƯỚC - BÁT SEN TAY MASSAGE 3 CHẾ ĐỘ (MẠ VÀNG PHÁP BÓNG),https://tototuantu.vn/products/bo-sen-tam-am-tuong-2-duong-nuoc-bat-sen-tay-massage-3-che-do-ma-vang-phap-bong,"20,390,760₫","26,142,000₫",https://product.hstatic.net/1000238289/product/_tbw02013b_bfg__579f145eee0344fd8d8217d09f69d481_medium.png,,sen-tam
Bộ sen tắm âm tường TBW02004A TBW02017B TBV02102B/TBN01101B TBV02401B/TBN01001B TBW02013B TBG02001B,https://tototuantu.vn/products/bo-sen-tam-am-tuong-tbw02004a-tbw02017b-tbv02102b-tbn01101b-tbv02401b-tbn01001b-tbw02013b-tbg02001b,"35,996,220₫","46,149,000₫",https://product.hstatic.net/1000238289/product/bo_sen_tam_am_tuong_2_4x_06f0732cab904c4897e71a1fdb713e33_medium.png,,sen-tam
BỘ SEN TẮM NHIỆT ĐỘ ÂM TƯỜNG 3 ĐƯỜNG NƯỚC - BÁT SEN TAY MASSAGE 3 CHẾ ĐỘ (MÀ VÀNG PHÁP BÓNG),https://tototuantu.vn/products/bo-sen-tam-tbw01004a-pfg-tbv01102b-pfg-tbn01101b-tbv01406b-pfg-tbn01001b-tbw01014b-pfg-tbw01010a-pfg-tbg01001b-pfg,"33,101,640₫","42,438,000₫",https://product.hstatic.net/1000238289/product/01001b__0d_0a_tbw01014b_pfg__0d_0a_tbw01010a_pfg__0d_0a_tbg01001b_pfg__3e533ba086824ad4ada78815cc0d33ba_medium.png,,sen-tam
BỘ SEN CÂY NHIỆT ĐỘ 3 ĐƯỜNG NƯỚC - BÁT SEN MASSAGE 3 CHẾ ĐỘ (MẠ VÀNG PHÁP BÓNG),https://tototuantu.vn/products/bo-sen-tam-tbw02001ba-pfg-tbv01402ba-pfg-tbw02006b-pfg-mau-ma-vang-phap,"27,785,160₫","35,622,000₫",https://product.hstatic.net/1000238289/product/_tbw02001ba_pfg__0d_0a_tbv01402ba_pfg__0d_0a_tbw02006b_pfg__7163d83cd4b043c191ada2999e7e4aae_medium.png,,sen-tam
Nút chuyển hướng CLASSIC TOTO DP355#PG/DV104,https://tototuantu.vn/products/nut-chuyen-huong-classic-toto-dp355-pg-dv104,"10,398,960₫","13,332,000₫",https://product.hstatic.net/1000238289/product/dp355-pg-dv104_6296d60436ce9_e743f0a92f9b4794a96440ed60d27268_medium.jpeg,,sen-tam
Van gật gù nóng lạnh GR kèm phụ kiện âm tường TBG02303BA/TBN01001B,https://tototuantu.vn/products/van-gat-gu-nong-lanh-gr-kem-phu-kien-am-tuong-tbg02303ba-tbn01001b,"5,389,800₫","6,910,000₫",https://product.hstatic.net/1000238289/product/tbg02303b-tbn01001b_5266426f6526420b9a8eae297a2ad417_medium.jpg,,sen-tam
Bát sen gắn trần URBANIQUE DB144-1CR,https://tototuantu.vn/products/bat-sen-gan-tran-urbanique-db144-1cr,"4,487,340₫","5,753,000₫",https://product.hstatic.net/1000238289/product/bat-sen-toto-db144-1cr-gkak6_7ba7fb1ea5324e3ca045d5025de0aad9_1b43e72695d14587a39d64218ab38d5a_medium.jpg,DB144-1CR,sen-tam
Bát sen massage 5 chế độ DGH108ZR,https://tototuantu.vn/products/bat-sen-massage-5-che-do-dgh108zr,"1,286,220₫","1,649,000₫",https://product.hstatic.net/1000238289/product/dgh108zr_c92d3a3042694adeac760ac88b68df5d_medium.png,,sen-tam
Bát sen mạ TBW02005V TOTO 1 chế độ,https://tototuantu.vn/products/bat-sen-ma-tbw02005v-toto-1-che-do,"2,420,340₫","3,103,000₫",https://product.hstatic.net/1000238289/product/_tbw02005a__60f9a956ce344fc580f438bb3f9e893d_medium.jpg,,sen-tam
Bát sen mạ TBW01008V,https://tototuantu.vn/products/bat-sen-ma-tbw01008v,"2,420,340₫","3,103,000₫",https://product.hstatic.net/1000238289/product/tbw01008a_11249a99930e4da789f3991dea4a12d3_medium.jpg,,sen-tam
Bộ sen cây TBW01002BA/TBG01302V/TBW01010V,https://tototuantu.vn/products/bo-sen-cay-tbw01002ba-tbg01302v-tbw01010v,"19,655,200₫","24,569,000₫",https://product.hstatic.net/1000238289/product/302v_9d0b2b7b95d24b15964c598802299b87_e02bcda00f03439a81e587109b598839_3b18c0ec40374ad5ba2ff991d2dc1718_medium.jpg,,sen-tam
Bộ sen cây nóng lạnh TBW02002BA/TBG04302V/TBW02006V,https://tototuantu.vn/products/bo-sen-cay-nong-lanh-tbw02002ba-tbg04302v-tbw02006v,"18,431,200₫","23,039,000₫",https://product.hstatic.net/1000238289/product/2002_247a5516dc1b4ad1a89acba9895dc14a_0b48dd8bf13d49e5bd3a4f47d180637d_3563f37e54864c5c8ab3d1dbd140cf7d_medium.jpg,,sen-tam
Thân sen cây (bát sen tròn) TBW01001BA ( Gồm 4 mã màu ),https://tototuantu.vn/products/than-sen-cay-bat-sen-tron-tbw01001b1,"10,615,800₫","13,610,000₫",https://product.hstatic.net/1000238289/product/tbw01001ba_e96469180aa146fc9aab539dbc64b625_medium.jpg,,sen-tam
Bát sen massage TOTO TTSR106EMFU,https://tototuantu.vn/products/bats-sen-massage-toto-ttsr106emfu,"3,469,440₫","4,448,000₫",https://product.hstatic.net/1000238289/product/bat-sen-toto-ttsr106emfu1_4dbf2d3db2924dca963340b7dfe6dc0b_medium.jpg,,sen-tam
Sen tắm nhiệt độ Nhật Bản TBV03431V,https://tototuantu.vn/products/sen-tam-nhiet-do-nhat-ban-tbv03431v,"6,052,800₫","7,760,000₫",https://product.hstatic.net/1000238289/product/capture_4_c0bad8ee95404159aa3de3d175f7e756_medium.png,,sen-tam
Sen tắm nhiệt độ Nhật Bản TBV03427V,https://tototuantu.vn/products/sen-tam-nhiet-do-nhat-ban-tbv03427v,"8,950,000₫",,https://product.hstatic.net/1000238289/product/capture_3_8a6dd7481e38417f80baa2cb8ecd4b10_medium.png,,sen-tam
Sen tắm nhiệt độ Nhật Bản TBV03429V,https://tototuantu.vn/products/sen-tam-nhiet-do-nhat-ban-tbv03429v,"10,730,000₫",,https://product.hstatic.net/1000238289/product/sen-tam-toto-tbv03429v-nhiet-do_c7ace68a3ab340df830745d6c4fb6b55_medium.jpg,,sen-tam
Vòi xả bồn ZL TBP02001B,https://tototuantu.vn/products/voi-xa-bon-zl-tbp02001b-1,"32,845,800₫","42,110,000₫",https://product.hstatic.net/1000238289/product/tbp02001b_7cc3c2e21be94fb1b9bb7b5c5c46ae97_90a8da3c92844222b596ac8cf820c81b_medium.png,,sen-tam
Vòi Xả Bồn TOTO TBG09001B Âm Tường,https://tototuantu.vn/products/voi-xa-bon-gm-tbg09001b-1,"2,550,600₫","3,270,000₫",https://product.hstatic.net/1000238289/product/tbg09001b_b4a33f8ddfb641d7906683db3dea5d12_medium.jpg,,sen-tam
Vòi xả bồn GE TBG07001B,https://tototuantu.vn/products/voi-xa-bon-ge-tbg07001b,"4,266,600₫","5,470,000₫",https://product.hstatic.net/1000238289/product/tbg07001b_5bd2773694ca415aa608f34aa582e24b_436f0c475ff34520b7755c3eb2d4407b_medium.jpg,,sen-tam
Vòi xả bồn GC TBG08001B,https://tototuantu.vn/products/voi-xa-bon-gc-tbg08001b-1,"4,266,600₫","5,470,000₫",https://product.hstatic.net/1000238289/product/tbg08001b_pfg_2508d6949ef9415f92a1abac054189fd_medium.jpg,,sen-tam
Van gật gù nóng lạnh GM TBG09302VA,https://tototuantu.vn/products/van-gat-gu-nong-lanh-gm-tbg09302va,"5,405,400₫","6,930,000₫",https://product.hstatic.net/1000238289/product/tbg09302v_2fcfc6419c8f408aba9e16875c60b3b0_0bf421ad7450471999a5a7698a51b714_medium.jpg,,sen-tam
Van gật gù nóng lạnh GE TBG07302VA,https://tototuantu.vn/products/van-gat-gu-nong-lanh-ge-tbg07302va,"7,581,600₫","9,720,000₫",https://product.hstatic.net/1000238289/product/tbg07302v_17945fb2cfef46c09bb38c82919b5373_4688347810d24b28919fe3489ef807e0_medium.jpg,,sen-tam
Van gật gù nóng lạnh GC TBG08302VA,https://tototuantu.vn/products/van-gat-gu-nong-lanh-gc-tbg08302va,"7,581,600₫","9,720,000₫",https://product.hstatic.net/1000238289/product/tbg08302v_be478aa57d1f46efaf74a1b0263e3621_c716a6e22f86486786fbfef8bf95390e_medium.jpg,,sen-tam
Van gật gù điều chỉnh nóng lạnh ZL TBP02301BA/TBN01001B,https://tototuantu.vn/products/van-gat-gu-dieu-chinh-nong-lanh-zl-tbp02301ba-tbn01001b,"14,164,800₫","18,160,000₫",https://product.hstatic.net/1000238289/product/tbp02301b_tbn01001b_1_97c3759d0db241ef9b2b25a79caf24d3_c13c82fdad9e423b9ebaa2f04c6308dd_medium.jpg,,sen-tam
Van gật gù điều chỉnh nóng lạnh TBS03304B,https://tototuantu.vn/products/van-gat-gu-dieu-chinh-nong-lanh-tbs03304b-1,"2,987,400₫","3,830,000₫",https://product.hstatic.net/1000238289/product/fix_tbs03304_5046b4877c4744a7bf2c97a0815b4a53_c4eb3f37b81d4be4bc8297fa5f326b5d_medium.jpg,,sen-tam
Van gật gù điều chỉnh nóng lạnh TBS02304B,https://tototuantu.vn/products/van-gat-gu-dieu-chinh-nong-lanh-tbs02304b-1,"2,995,200₫","3,840,000₫",https://product.hstatic.net/1000238289/product/fix_tbs02304_7478b8cf79484511a09af471cf4ca405_69994bf825504f158bafaa377a2cd814_medium.jpg,,sen-tam
Van gật gù điều chỉnh nóng lạnh TBS02303B,https://tototuantu.vn/products/van-gat-gu-dieu-chinh-nong-lanh-tbs02303b-1,"2,301,000₫","2,950,000₫",https://product.hstatic.net/1000238289/product/fix_tbs02303_83b47535bee94396ab7031178b4ec485_744dbb9e82de41caaa36436ff1c4d469_medium.jpg,,sen-tam
Van gật gù điều chỉnh nóng lạnh TBS01304B,https://tototuantu.vn/products/van-gat-gu-dieu-chinh-nong-lanh-tbs01304b-1,"2,995,200₫","3,840,000₫",https://product.hstatic.net/1000238289/product/fix_tbs01304_3a138e080f734f2ea218c4dff8305faf_33888d2fff324d9ab656a0275e35c206_medium.jpg,,sen-tam
Van gật gù điều chỉnh nóng lạnh TBS01303B,https://tototuantu.vn/products/van-gat-gu-dieu-chinh-nong-lanh-tbs01303b-1,"2,301,000₫","2,950,000₫",https://product.hstatic.net/1000238289/product/fix_tbs01303_0ab247e088274921b9749c5652384b21_e54d21580f42481d8a958588cf7fc088_medium.jpg,,sen-tam
Van gật gù điều chỉnh nóng lạnh TBG09304VA/TBN01001B,https://tototuantu.vn/products/van-gat-gu-dieu-chinh-nong-lanh-tbg09304va-tbn01001b,"7,667,400₫","9,830,000₫",https://product.hstatic.net/1000238289/product/tbg09304v_tbn01001b_3b18b36fbdbd49dc8fe44ae04c4c5151_d9bf98471ce449a99591429c04fee9ed_medium.jpg,,sen-tam
Van gật gù điều chỉnh nóng lạnh TBG09303VA/TBN01001B,https://tototuantu.vn/products/van-gat-gu-dieu-chinh-nong-lanh-tbg09303va-tbn01001b,"6,318,000₫","8,100,000₫",https://product.hstatic.net/1000238289/product/tbg09303v_tbn01001b_90c2c287164f4cbc8131bf8c25f07bb7_b41989a8245c46148710e42e58791f47_medium.jpg,,sen-tam
Van gật gù điều chỉnh nóng lạnh TBG08304VA/TBN01001B,https://tototuantu.vn/products/van-gat-gu-dieu-chinh-nong-lanh-tbg08304va-tbn01001b,"9,913,800₫","12,710,000₫",https://product.hstatic.net/1000238289/product/tbg08304v_tbn01001b_22e2fef9e12e4633b8deb3d2ed636875_106c0f6d0b5a493488df8a4977704c11_medium.jpg,,sen-tam
Van gật gù điều chỉnh nóng lạnh TBG08303V/TBN01001B,https://tototuantu.vn/products/van-gat-gu-dieu-chinh-nong-lanh-tbg08303v-tbn01001b-1,"8,041,800₫","10,310,000₫",https://product.hstatic.net/1000238289/product/tbg08303v_tbn01001b_8857aa8757f946308f1bb433486b19d2_bec07e9b98944516ae77a84a628b098b_medium.jpg,,sen-tam
Van gật gù điều chỉnh nóng lạnh TBG07304V/TBN01001B,https://tototuantu.vn/products/van-gat-gu-dieu-chinh-nong-lanh-tbg07304v-tbn01001b,"9,913,800₫","12,710,000₫",https://product.hstatic.net/1000238289/product/tbg07304v_tbn01001b_0b99525d9c2346a786072803d37191ab_34e9ce314bea4bbaaa6fbc783561944f_medium.jpg,,sen-tam
Van gật gù điều chỉnh nóng lạnh TBG07303V/TBN01001B,https://tototuantu.vn/products/van-gat-gu-dieu-chinh-nong-lanh-tbg07303v-tbn01001b-1,"8,041,800₫","10,310,000₫",https://product.hstatic.net/1000238289/product/tbg07303v_tbn01001b_165add0ce6f5495696f5e4bdfdf73bd7_30b1122f6d2a4483a83382141213021c_medium.jpg,,sen-tam
Van Điều Chỉnh Nóng Lạnh TOTO TBG03304BA/TBN01001B,https://tototuantu.vn/products/van-gat-gu-dieu-chinh-nong-lanh-tbg03304b-tbn01001b-1,"6,232,200₫","7,990,000₫",https://product.hstatic.net/1000238289/product/tbg03304b_tbn01001b_01_891ab6f0ac964126a51354e9e7a1eb2b_b8b59eaeec63428ca0321a2e81133ba7_medium.jpg,,sen-tam
Van gật gù điều chỉnh nóng lạnh TBG03303BA/TBN01001B,https://tototuantu.vn/products/van-gat-gu-dieu-chinh-nong-lanh-tbg03303ba-tbn01001b,"5,210,400₫","6,680,000₫",https://product.hstatic.net/1000238289/product/tbg03303b_tbn01001b_01_6a5bcbb7ecd44549b546072ca0a384f1_1b777d00d3384dfc9ff33b9dde23f048_medium.jpg,,sen-tam
Van gật gù điều chỉnh nóng lạnh TBG02304B/TBN01001B,https://tototuantu.vn/products/van-gat-gu-dieu-chinh-nong-lanh-tbg02304b-tbn01001b,"6,450,600₫","8,270,000₫",https://product.hstatic.net/1000238289/product/tbg02304b_tbn01001b_01_dd88855ea5e7450684e541de7a543dc1_f2b49805086c47829ed066554d735a89_medium.jpg,,sen-tam
Van gật gù điều chỉnh nóng lạnh TBG01304B/TBN01001B,https://tototuantu.vn/products/van-gat-gu-dieu-chinh-nong-lanh-tbg01304b-tbn01001b,"7,027,800₫","9,010,000₫",https://product.hstatic.net/1000238289/product/tbg01304b_tbn01001b_01_f1c41a53b60d4b67b5ca34665f7186b8_b4d74f9e94e4482c9e295cee1fdced09_medium.jpg,,sen-tam
Van Điều Chỉnh Nóng Lạnh TOTO TBG01303BA/TBN01001B,https://tototuantu.vn/products/van-dieu-chinh-nong-lanh-toto-tbg01303ba-tbn01001b,"5,811,000₫","7,450,000₫",https://product.hstatic.net/1000238289/product/tbg01303b_tbn01001b_01_78cb33c8d9e5439e842a3e6a9c5f5210_c2043c68b2564f3ba3be3ce8f1a10290_medium.jpg,,sen-tam
Van gật gù điều chỉnh nóng lạnh LC TBS03303B,https://tototuantu.vn/products/van-gat-gu-dieu-chinh-nong-lanh-lc-tbs03303b-1,"2,113,800₫","2,710,000₫",https://product.hstatic.net/1000238289/product/fix_tbs03303_550598724fac4c12a0d1f957419eb694_cb3624f5114f4cc3a4c199a4cf8d7a45_medium.jpg,,sen-tam
Van dừng kèm phụ kiện âm tường TBV01101B/TBN01104B ( Gồm 4 mã màu ),https://tototuantu.vn/products/van-dung-kem-phu-kien-am-tuong-tbv01101b-tbn01104b-1,"3,892,200₫","4,990,000₫",https://product.hstatic.net/1000238289/product/tbv01101b_tbn01104b_1000x1000_074e8d092287474b8057da8481d626b4_f2937fa8214a4f6199a01f2185ca795f_medium.jpg,,sen-tam
Van điều chỉnh nhiệt độ TBV02406B/TBN01001B ( Gồm 4 mã màu ),https://tototuantu.vn/products/van-dieu-chinh-nhiet-do-tbv02406b-tbn01001b-1,"15,896,400₫","20,380,000₫",https://product.hstatic.net/1000238289/product/tbv02406b_tbn01001b_01_cf92029f7d1648f19317b3b2e9ff8083_6634747b312241cabfc9931b4ac18f6d_medium.jpg,,sen-tam
Van điều chỉnh nhiệt độ TBV02405B/TBN01001B ( Gồm 4 mã màu ),https://tototuantu.vn/products/van-dieu-chinh-nhiet-do-tbv02405b-tbn01001b-1,"13,353,600₫","17,120,000₫",https://product.hstatic.net/1000238289/product/tbv02405b_tbn01001b_01_32fb20702bd744728b2e9621242c7358_95b4eab973154573b0cfb5640c5ba3b7_medium.jpg,,sen-tam
Van điều chỉnh nhiệt độ TBV02404B/TBN01001B ( Gồm 4 mã màu ),https://tototuantu.vn/products/van-dieu-chinh-nhiet-do-tbv02404b-tbn01001b-1,"12,214,800₫","15,660,000₫",https://product.hstatic.net/1000238289/product/tbv02404b_tbn01001b_01_2f2a74d8dde34ed982366e9c94cf5b77_715d2e303f5649bd8cd3f60c0bae0ab8_medium.jpg,,sen-tam
Van điều chỉnh nhiệt độ TBV02403B/TBN01001B ( Gồm 4 mã màu ),https://tototuantu.vn/products/van-dieu-chinh-nhiet-do-tbv02403b-tbn01001b-1,"11,434,800₫","14,660,000₫",https://product.hstatic.net/1000238289/product/tbv02403b_tbn01001b_01_796bef4c0c5d49ebaf53426593a33ca1_68c99821764e48bd81c3be34f5bdc35e_medium.jpg,,sen-tam
Van điều chỉnh nhiệt độ TBV02402B/TBN01001B ( Gồm 4 mã màu ),https://tototuantu.vn/products/van-dieu-chinh-nhiet-do-tbv02402b-tbn01001b-1,"9,594,000₫","12,300,000₫",https://product.hstatic.net/1000238289/product/tbv02402b_tbn01001b_01_e2ec773edd91489888b253d42654eb23_da994be07319468ea0f3cdf68101acd9_medium.jpg,,sen-tam
Van điều chỉnh nhiệt độ TBV02401B/TBN01001B ( Gồm 4 mã màu ),https://tototuantu.vn/products/van-dieu-chinh-nhiet-do-tbv02401b-tbn01001b-1,"9,625,200₫","12,340,000₫",https://product.hstatic.net/1000238289/product/xtbv02401b-tbn01001b.jpg.pagespeed.ic.sdwyezzjo9_fc47b9a6cacb49239096ca37e76eab99_medium.jpeg,,sen-tam
Van điều chỉnh nhiệt độ TBV02105B/TBN01001B ( Gồm 4 mã màu ),https://tototuantu.vn/products/van-dieu-chinh-nhiet-do-tbv02105b-tbn01001b-1,"13,494,000₫","17,300,000₫",https://product.hstatic.net/1000238289/product/tbv02105b_tbn01001b_01_7f78610f67d24e76877ff676af99fb32_f43767d9bd504907a1104d79bfba668a_medium.jpg,,sen-tam
Van điều chỉnh nhiệt độ TBV01408B/TBN01001B ( Gồm 4 mã màu ),https://tototuantu.vn/products/van-dieu-chinh-nhiet-do-tbv01408b-tbn01001b-1,"12,082,200₫","15,490,000₫",https://product.hstatic.net/1000238289/product/tbv01408b_tbn01001b_01_8d3201d3ac6343b19baf053947e26cda_7b66f92b630c4f4cb2db6cf7b4adeb48_medium.jpg,,sen-tam
Van điều chỉnh nhiệt độ TBV01407B/TBN01001B ( Gồm 4 mã màu ),https://tototuantu.vn/products/van-dieu-chinh-nhiet-do-tbv01407b-tbn01001b-1,"11,271,000₫","14,450,000₫",https://product.hstatic.net/1000238289/product/tbv01407b_tbn01001b_01_f2384341d8f34d9691ef8dfade50c41b_a033338be1db4351a739a600b20f0ea8_medium.jpg,,sen-tam
Van điều chỉnh nhiệt độ TBV01406B/TBN01001B ( Gồm 4 mã màu ),https://tototuantu.vn/products/van-dieu-chinh-nhiet-do-tbv01406b-tbn01001b-1,"9,438,000₫","12,100,000₫",https://product.hstatic.net/1000238289/product/tbv01406b_tbn01001b_01_d2ed85998d7f438ca19f7fbd14eb524c_14e72aa87385451d89d77b3f26edb95f_medium.jpg,,sen-tam
Van điều chỉnh nhiệt độ TBV01402BA ( Gồm 4 mã màu ),https://tototuantu.vn/products/van-dieu-chinh-nhiet-do-tbv01402b-1,"7,823,400₫","10,030,000₫",https://product.hstatic.net/1000238289/product/voi-toto-tbv01402b-545x545_0acd53b6a6934aab800bfc46028af071_medium.jpg,,sen-tam
Van điều chỉnh nhiệt độ TBV01401BA ( Gồm 4 mã màu ),https://tototuantu.vn/products/van-dieu-chinh-nhiet-do-tbv01401b-1,"7,363,200₫","9,440,000₫",https://product.hstatic.net/1000238289/product/fix_tbv01401_e7721dc3455341fa98468a5daf2e29e0_70a70b0cc99747b6a76795c285904409_medium.jpg,,sen-tam
Van điều chỉnh CLASSIC DP422#PG/DV418,https://tototuantu.vn/products/van-dieu-chinh-classic-dp422-pg-dv418-1,"22,814,220₫","29,249,000₫",https://product.hstatic.net/1000238289/product/dp422_43c610dc55b04f12985169d4694ffb4d_9c3e9034242c43beadf73d4f54d31499_medium.jpg,,sen-tam
Van chuyển hướng TBV02104B/TBN01103B ( Gồm 4 mã màu ),https://tototuantu.vn/products/van-chuyen-huong-tbv02104b-tbn01103b-1,"4,953,000₫","6,350,000₫",https://product.hstatic.net/1000238289/product/tbv02104b_tbn01103b_01_a5fe04579a184cbe98bb0a8c2cbe99d0_1c3c44f2adde4bc397c217fc1d196cd9_medium.jpg,,sen-tam
Van chuyển hướng TBV02103B/TBN01102 ( Gồm 4 mã màu ),https://tototuantu.vn/products/van-chuyen-huong-tbv02103b-tbn01102-1,"4,953,000₫","6,350,000₫",https://product.hstatic.net/1000238289/product/tbv02103b_tbn01102b_898cb0d8af3b49cb8728f3fdeeb2a8b0_medium.jpg,,sen-tam
Van chuyển hướng TBV02102B/TBN01101B,https://tototuantu.vn/products/van-chuyen-huong-tbv02102b-tbn01101b-1,"4,953,000₫","6,350,000₫",https://product.hstatic.net/1000238289/product/tbv02102b_tbn01101b_376af1a3eea548b289d9496acd486a98_medium.jpg,,sen-tam
Van chuyển hướng TBV01104B/TBN01103B ( Gồm 4 mã màu ),https://tototuantu.vn/products/van-chuyen-huong-tbv01104b-tbn01103b-1,"4,773,600₫","6,120,000₫",https://product.hstatic.net/1000238289/product/tbv01104b_tbn01103b_01_8dcf6a3964174c84869b0516f082b4d6_dfcad0a22d3e47fe996000852973bad0_medium.jpg,,sen-tam
Van chuyển hướng TBV01103B/TBN01102B ( Gồm 4 mã màu ),https://tototuantu.vn/products/van-chuyen-huong-tbv01103b-tbn01102b-1,"4,773,600₫","6,120,000₫",https://product.hstatic.net/1000238289/product/tbv01103b_tbn01102b_8547ca82d59d453f85feb0d0febffb5f_medium.jpg,,sen-tam
Van chuyển hướng TBV01102B/TBN01101B ( Gồm 4 mã màu ),https://tototuantu.vn/products/van-chuyen-huong-tbv01102b-tbn01101b-1,"4,773,600₫","6,120,000₫",https://product.hstatic.net/1000238289/product/anh_man_hinh_2023-07-07_luc_15.58.54_ce55a1c56c3940d58e04777b3b49cb83_medium.png,,sen-tam
Tổ hợp sen âm tường GLOBAL FITTINGS TBW02004A,https://tototuantu.vn/products/to-hop-sen-am-tuong-global-fittings-tbw02004a-1,"34,523,580₫","44,261,000₫",https://product.hstatic.net/1000238289/product/tai_xuong_2_d7b53bf87254407aadfc48f5c8c9842a_0984dfb04c594d9aadda29baff439a87_medium.jpg,,sen-tam
Tổ hợp sen âm tường GLOBAL FITTINGS TBW01005B,https://tototuantu.vn/products/to-hop-sen-am-tuong-global-fittings-tbw01005b,"44,832,060₫","57,477,000₫",https://product.hstatic.net/1000238289/product/g01001b_tbv01408b_tbn01001b_tbv01104b_tbn01103b_tbw01014b_tbw01016b_4x_e57424ea8afa4fe2ae270a75f22726a0_medium.png,,sen-tam
Van Điều Chỉnh Nóng Lạnh TOTO TBG02304BA/TBN01001B,https://tototuantu.vn/products/thong-so-ky-thuat-ma-san-pham-tlg02201b-ten-san-pham-voi-chau-tay-van-nong-lanh-go-3-lo-ap-luc-nuoc-0-05mpa-0-75mpa-lop-ma-nickel-chrome-bao-gom-bo-xa-khong-gom-ong-thai-chu-p-tinh-nang-thiet-ke-hien-dai-h-1,"6,450,600₫","8,270,000₫",https://product.hstatic.net/1000238289/product/tbg02303b_tbn01001b_01_4a5170c4a01f46f896e4a436ac2b2686_9483ac6afbcb427195243686d553552d_medium.jpg,,sen-tam
Van dừng kèm phụ kiện âm tường TBV02101B/TBN01104B,https://tototuantu.vn/products/van-dung-kem-phu-kien-am-tuong-tbv02101b-tbn01104b,"4,071,600₫","5,220,000₫",https://product.hstatic.net/1000238289/product/b_01_65b925d6abac47d8a72909ab1f6eceb8_4e48ee14308e46a09dbf77d02b4388ee_0059ba9ac05249ec91faf0b6381880f8_medium.jpg,,sen-tam
Thân sen cây TOTO DM907C1S,https://tototuantu.vn/products/than-sen-cay-toto-dm907c1s-1,"5,452,200₫","6,990,000₫",https://product.hstatic.net/1000238289/product/dm907c1s_3ee3af6a43004da6ac7ad565fd94e4cd_medium.jpg,,sen-tam
Thân sen cây DM907CS,https://tototuantu.vn/products/than-sen-cay-dm907cs-1,"5,452,200₫","6,990,000₫",https://product.hstatic.net/1000238289/product/dm907cs_9e06cb3582c74cb388728537b2b21831_medium.jpg,,sen-tam
Sen tắm nhiệt độ Nhật Bản TBV03427V/TBW03002B,https://tototuantu.vn/products/tbv03427v-tbw03002b-1,"8,597,160₫","11,022,000₫",https://product.hstatic.net/1000238289/product/tbv03427v.tbw03002b_2995c9ea352a4a958b0b2f33eb339cde_cb9e2334c1394b8e827b6832b8bcba1e_medium.png,,sen-tam
Sen tắm nóng lạnh TBS03302V/TBW03002B,https://tototuantu.vn/products/tbs03302v-tbw03002b-1,"3,870,360₫","4,962,000₫",https://product.hstatic.net/1000238289/product/tbs03302v_tbw03002b_01_1_786de40ca44b41fd8abd0b7395725ce5_ef82f6b43b8b429796f5a70611dd66e5_medium.jpg,,sen-tam
Sen tắm nóng lạnh TBG09302VA/TBW02006V,https://tototuantu.vn/products/sen-tam-nong-lanh-tbg09302va-tbw02006v,"8,623,200₫","10,779,000₫",https://product.hstatic.net/1000238289/product/tbg09302v_tbw02006a_a25912953aff47e0be8f1add497c719e_medium.jpg,,sen-tam
Sen tắm nóng lạnh TBG08302VA/TBW02005V,https://tototuantu.vn/products/sen-tam-nong-lanh-tbg08302va-tbw02005v,"10,258,400₫","12,823,000₫",https://product.hstatic.net/1000238289/product/tbg08302v_tbw02005a_48302000347c4335bd7069bf60dfc961_medium.jpg,,sen-tam
Sen tắm nóng lnahj TBS03302V/DGH104ZR,https://tototuantu.vn/products/sen-tam-nong-lnahj-tbs03302v-dgh104zr-1,"3,004,560₫","3,852,000₫",https://product.hstatic.net/1000238289/product/tbs03302v_dgh104zr_01_1_363c6dc60acf407fadb56744800be44e_ab3cf58c906d4712854f2d81068b9b72_medium.jpg,,sen-tam
Sen tắm nóng lạnh TVSM110RUR/DGH108ZR,https://tototuantu.vn/products/sen-tam-nong-lanh-tvsm110ru-dgh108zr-1,"4,609,020₫","5,909,000₫",https://product.hstatic.net/1000238289/product/ttmr307_dgh108zr_01_fc549ca8131447fb9247597a514e708d_145a8cc385cb49f9b89f8ef24e5cd498_medium.jpg,,sen-tam
Sen tắm nóng lạnh TVSM110RUR/DGH104ZRR,https://tototuantu.vn/products/sen-tam-nong-lanh-tvsm110ru-dgh104zr-1,"4,073,160₫","5,222,000₫",https://product.hstatic.net/1000238289/product/ttmr307_dgh104zr_3_19b0e4d4f3f04be285fa1c6ebfb236e0_30b45e5106324ebe85dbcbd5d1ed72cc_medium.jpg,,sen-tam
Sen tắm nóng lạnh TOTO TBS01302V/DGH108ZR,https://tototuantu.vn/products/sen-tam-nong-lanh-toto-tbs01302v-dgh108zr-1,"4,219,020₫","5,409,000₫",https://product.hstatic.net/1000238289/product/tbs01302v.dgh108zr-01_065515ad324242458bbe35413eaef7cd_85863049cfda403487c7f7af3a036d9b_medium.jpg,,sen-tam
Sen tắm nóng lạnh TBS04302V/TBW03002B,https://tototuantu.vn/products/sen-tam-nong-lanh-tbs04302v-tbw03002b-3,"3,870,360₫","4,962,000₫",https://product.hstatic.net/1000238289/product/tbs04302v_tbw03002b_01_b6962fb4ff2c4129ba4692a404df0753_5f4d87fa62104b60847ca686ac004a14_medium.jpg,,sen-tam
Sen tắm nóng lạnh TBS04302V/TBW02005V,https://tototuantu.vn/products/sen-tam-nong-lanh-tbs04302v-tbw02005v,"4,794,400₫","5,993,000₫",https://product.hstatic.net/1000238289/product/tbs04302v_tbw02005a_01_731b8c7b31d249779aa798a62192fc88_ffeed4b925864417a861c8e7c7ef1f6e_medium.jpg,,sen-tam
Sen tắm nóng lạnh TBS04302V/TBW01008V,https://tototuantu.vn/products/sen-tam-nong-lanh-tbs04302v-tbw01008v,"4,794,400₫","5,993,000₫",https://product.hstatic.net/1000238289/product/tbs04302v_tbw01008a_01_51c5845165c54b9190a3df736caab895_8856ca3b4f0c44e098dd7ecc57707de7_medium.jpg,,sen-tam
Sen tắm nóng lạnh TBS04302V/DGH108ZR,https://tototuantu.vn/products/sen-tam-nong-lanh-tbs04302v-dgh108zr-1,"3,540,420₫","4,539,000₫",https://product.hstatic.net/1000238289/product/tbs04302v_dgh108zr_01_ebc94c73d2d74afcb76e66d15a723aa2_116cee562b0c44e48739f89f4d940ca8_medium.jpg,,sen-tam
Sen tắm nóng lạnh TBS04302V/DGH104ZR,https://tototuantu.vn/products/sen-tam-nong-lanh-tbs04302v-dgh104zr-1,"3,004,560₫","3,852,000₫",https://product.hstatic.net/1000238289/product/tbs04302v_dgh104zr_01_3270485db49742df8e682d50032c744b_c931bb733367481c9683274140cee362_medium.jpg,,sen-tam
Sen tắm nóng lạnh TBS03302V/TBW02005V,https://tototuantu.vn/products/sen-tam-nong-lanh-tbs03302v-tbw02005v,"4,794,400₫","5,993,000₫",https://product.hstatic.net/1000238289/product/tbs03302v_tbw02005a_bf9a372447354c44b4547c355e11ec5f_bcead4d8d1d04f8aa05233ede02db81f_medium.jpg,,sen-tam
Sen tắm nóng lạnh TBS03302V/TBW01008V,https://tototuantu.vn/products/sen-tam-nong-lanh-tbs03302v-tbw01008v,"4,794,400₫","5,993,000₫",https://product.hstatic.net/1000238289/product/tbs03302v_tbw01008a_2990f111133044949942925dd80ddf0e_1d27e0b7638b49019f05b0ea6c7f36ce_medium.jpg,,sen-tam
Sen tắm nóng lạnh TBS03302V/DGH108ZR,https://tototuantu.vn/products/sen-tam-nong-lanh-tbs03302v-dgh108zr-1,"3,540,420₫","4,539,000₫",https://product.hstatic.net/1000238289/product/tbs03302v_dgh108zr_01_df6cd9c102a74db988b2728a0faaea93_65025a590b6f436ea19b35574b5a6e9e_medium.jpg,,sen-tam
Sen tắm nóng lạnh TBS02302V/TBW02006V,https://tototuantu.vn/products/sen-tam-nong-lanh-tbs02302v-tbw02006v,"6,087,200₫","7,609,000₫",https://product.hstatic.net/1000238289/product/tbs02302v_tbw02006a_01_a00fa92a93f144eaa9eaa2e8cd332b7e_99da666b79254665ace0066624658560_medium.jpg,,sen-tam
Sen tắm nóng lạnh TBS02302V/TBW02005V,https://tototuantu.vn/products/sen-tam-nong-lanh-tbs02302v-tbw02005v,"5,490,400₫","6,863,000₫",https://product.hstatic.net/1000238289/product/tbs02302v_tbw02005a_01_1526e3c41a63477b96da4963a71f9e7a_58fcd6cd3d53405f86a02fb6bb13fad8_medium.jpg,,sen-tam
Sen tắm nóng lạnh TBS02302V/TBW01008V,https://tototuantu.vn/products/sen-tam-nong-lanh-tbs02302v-tbw01008v,"5,490,400₫","6,863,000₫",https://product.hstatic.net/1000238289/product/tbs02302v_tbw01008a_01_86a0826c92ed4dcebc3df985183d0b1c_2e1a1914228843bba4a828e4ff8dec88_medium.jpg,,sen-tam
Sen tắm nóng lạnh TBS02302V/DGH108ZR,https://tototuantu.vn/products/sen-tam-nong-lanh-tbs02302v-dgh108zr-1,"4,219,020₫","5,409,000₫",https://product.hstatic.net/1000238289/product/tbs02302v_dgh108zr_01_bc15624b6dfd4bc49686ccfcdbbbaf94_d6b011d299f64d9f8055d4fc6cfcec09_medium.jpg,,sen-tam
Sen tắm nóng lạnh TBS02302V/DGH104ZR,https://tototuantu.vn/products/sen-tam-nong-lanh-tbs02302v-dgh104zr-1,"3,683,160₫","4,722,000₫",https://product.hstatic.net/1000238289/product/tbs02302v_dgh104zr_01_5791d8ba608b4276b7e4758b2a446075_0c934279c4114f91a21e37c9fd13b060_medium.jpg,,sen-tam
Sen tắm nóng lạnh TBS01302V/TBW03002B,https://tototuantu.vn/products/sen-tam-nong-lanh-tbs01302v-tbw03002b-1,"4,548,960₫","5,832,000₫",https://product.hstatic.net/1000238289/product/tbs01302v_tbw03002b_1036728315304b9a98f239520d146b37_e01668c1638e49059e0ff4c10b971b5c_medium.jpg,,sen-tam
Sen tắm nóng lạnh TBS01302V/TBW02005V,https://tototuantu.vn/products/sen-tam-nong-lanh-tbs01302v-tbw02005v,"5,490,400₫","6,863,000₫",https://product.hstatic.net/1000238289/product/tbs01302v_tbw02005a_624a825db22e45eab747c3770d9a10c3_61089962443446139a3a6d24e6d59941_medium.jpg,,sen-tam
Sen tắm nóng lạnh TBS01302V/TBW01008V,https://tototuantu.vn/products/sen-tam-nong-lanh-tbs01302v-tbw01008v,"5,490,400₫","6,863,000₫",https://product.hstatic.net/1000238289/product/tbs01302v_tbw01008a_01_1_ccd609bb6a604801bf4bed5c5f95feca_012d59cf61c44003bd3bc61a7810c00c_medium.jpg,,sen-tam
Sen tắm nóng lạnh TBS01302V/DGH104ZR,https://tototuantu.vn/products/sen-tam-nong-lanh-tbs01302v-dgh104zr-1,"3,683,160₫","4,722,000₫",https://product.hstatic.net/1000238289/product/tbs01302v_dgh104zr_01_1_908c8d74bd644c49866e4b3615fb13b3_316cfde9c574410eab5983cdc8131b9c_medium.jpg,,sen-tam
Sen tắm nóng lạnh TBG11302VA/TBW03002B,https://tototuantu.vn/products/sen-tam-nong-lanh-tbg11302va-tbw03002b,"5,906,160₫","7,572,000₫",https://product.hstatic.net/1000238289/product/tbg11302v.tbw03002b_02e6c7bfe105496c8f576a37a0463239_862ae32293bb4e73962e911be597f2a3_medium.jpg,,sen-tam
Sen tắm nóng lạnh TBG11302V/TBW02017A,https://tototuantu.vn/products/sen-tam-nong-lanh-tbg11302v-tbw02017a-1,"7,835,880₫","10,046,000₫",https://product.hstatic.net/1000238289/product/tbg11302v.tbw02017a_3c266b6cce0d4ca7be1d6ccbaab99a85_85b4f52890994c609396938b9b05e5a0_medium.jpg,,sen-tam
Sen tắm nóng lạnh TBG11302V/TBW02006A,https://tototuantu.vn/products/sen-tam-nong-lanh-tbg11302v-tbw02006a-1,"7,479,200₫","9,349,000₫",https://product.hstatic.net/1000238289/product/tbg11302v.tbw02006a_94dfb1d75c6b496395d1933e6211cdcd_1c78146de85840689f113997cd6ab521_medium.jpg,,sen-tam
Sen tắm nóng lạnh TBG11302VA/TBW02005V,https://tototuantu.vn/products/sen-tam-nong-lanh-tbg11302va-tbw02005v,"6,710,340₫","8,603,000₫",https://product.hstatic.net/1000238289/product/tbg11302v.tbw02005a_44a2dfb90b3e4fecb89f529073ca9a34_b805befc1c5f4ddb99e0803c0a0efa2a_medium.jpg,,sen-tam
Sen tắm nóng lạnh TBG11302VA/TBW01010V,https://tototuantu.vn/products/sen-tam-nong-lanh-tbg11302va-tbw01010v,"7,479,200₫","9,349,000₫",https://product.hstatic.net/1000238289/product/tbg11302v.tbw01010a_71cac5e2bc214eb2a96ac7d2392effce_9806ad309da34a77ae351f679e756195_medium.jpg,,sen-tam
Sen tắm nóng lạnh TBG11302VA/TBW01008V,https://tototuantu.vn/products/sen-tam-nong-lanh-tbg11302va-tbw01008v,"6,882,400₫","8,603,000₫",https://product.hstatic.net/1000238289/product/tbg11302v.tbw01008a_6324644e98ea43fb9a7461ac1bcfc67b_5d43d93a8923428caa3a97f574951ff3_medium.jpg,,sen-tam
Sen tắm nóng lạnh TBG10302VA/TBW03002B,https://tototuantu.vn/products/sen-tam-nong-lanh-tbg10302va-tbw03002b,"6,865,560₫","8,802,000₫",https://product.hstatic.net/1000238289/product/tbg10302v.tbw03002b_b9c583c655c544489bfbb9a6ca683a6f_2f057e593acf484ca3cadf4bb284a1f8_medium.jpg,,sen-tam
Sen tắm nóng lạnh GB TBG10302VA/TBW02017A,https://tototuantu.vn/products/sen-tam-nong-lanh-gb-tbg10302va-tbw02017a,"8,795,280₫","11,276,000₫",https://product.hstatic.net/1000238289/product/tbg10302v.tbw02017a_698664174a77469dae3787fb2bd18520_8d9bec86a7de43869e387b992fe5a0ea_medium.jpg,,sen-tam
Sen tắm nóng lạnh TBG10302VA/TBW02006V,https://tototuantu.vn/products/sen-tam-nong-lanh-tbg10302va-tbw02006v,"8,463,200₫","10,579,000₫",https://product.hstatic.net/1000238289/product/tbg10302v.tbw02006a_0728d01fe9464b138fc54e4f91fadd6b_d50ade565a204cdcae1b9743389afb31_medium.jpg,,sen-tam
Sen tắm nóng lạnh TBG10302VA/TBW02005V,https://tototuantu.vn/products/sen-tam-nong-lanh-tbg10302va-tbw02005v,"7,866,400₫","9,833,000₫",https://product.hstatic.net/1000238289/product/tbg10302v.tbw02005a_5ddc5d9c6c9540b292230fde74ca0f05_f0695544dc874a4a9f53ff0b08e85c62_medium.jpg,,sen-tam
Sen tắm nóng lạnh TBG10302VA/TBW01010V,https://tototuantu.vn/products/sen-tam-nong-lanh-tbg10302va-tbw01010v,"8,463,200₫","10,579,000₫",https://product.hstatic.net/1000238289/product/tbg10302v.tbw01010a_c0f8cbf0e6984d5bbcaf27c902763424_73834026bb2445d8a122bd86a11daecf_medium.jpg,,sen-tam
Sen tắm nóng lạnh TBG10302VA/TBW01008V,https://tototuantu.vn/products/sen-tam-nong-lanh-tbg10302va-tbw01008v,"7,669,740₫","9,833,000₫",https://product.hstatic.net/1000238289/product/tbg10302v.tbw01008a_31130978d9ff4d598f18eade587ecfd4_5376c7b9b9ae4f3ea758ae3bd7d243ea_medium.jpg,,sen-tam
Sen tắm nóng lạnh TBG09302VA/TBW03002B,https://tototuantu.vn/products/sen-tam-nong-lanh-tbg09302va-tbw03002b,"7,021,560₫","9,002,000₫",https://product.hstatic.net/1000238289/product/tbg09302v.tbw03002b_3039cceaae0b4ba49f371285044d1d92_27e0295b0bac460b91e77797810a7b82_medium.jpg,,sen-tam
Sen tắm nóng lạnh TBG09302V/TBW02017A,https://tototuantu.vn/products/sen-tam-nong-lanh-tbg09302v-tbw02017a-1,"8,951,280₫","11,476,000₫",https://product.hstatic.net/1000238289/product/am-toto-tbg09302v-tbw02017a-1000x1000_f8152f02b3034dd98875ce0883ca9c79_0c74b92d705e476cb6fb2fb6e39d86f2_medium.jpg,,sen-tam
Sen tắm nóng lạnh TBG09302VA/TBW02005V,https://tototuantu.vn/products/sen-tam-nong-lanh-tbg09302va-tbw02005v,"8,026,400₫","10,033,000₫",https://product.hstatic.net/1000238289/product/am-toto-tbg09302v-tbw02005a-1000x1000_5bcd500bc07c47559258003b83826d74_af3c992309ac41c99c07b195891dadb5_medium.jpg,,sen-tam
Sen tắm nóng lạnh TBG09302VA/TBW01010V,https://tototuantu.vn/products/sen-tam-nong-lanh-tbg09302va-tbw01010v,"8,623,200₫","10,779,000₫",https://product.hstatic.net/1000238289/product/am-toto-tbg09302v-tbw01010a-1000x1000_0e0c67235e92414d99b01f866d923672_331baacbda524b8a9ac54fcff127dcc0_medium.jpg,,sen-tam
Sen tắm nóng lạnh TBG09302VA/TBW01008V,https://tototuantu.vn/products/sen-tam-nong-lanh-tbg09302va-tbw01008v,"7,825,740₫","10,033,000₫",https://product.hstatic.net/1000238289/product/am-toto-tbg09302v-tbw01008a-1000x1000_bbcf9257d61d4dbba0ac63a024c25964_eaa3ba5197884545a92d8ec3d8bd6224_medium.jpg,,sen-tam
Sen tắm nóng lạnh TBG08302VA/TBW03002B,https://tototuantu.vn/products/sen-tam-nong-lanh-tbg08302va-tbw03002b,"9,197,760₫","11,792,000₫",https://product.hstatic.net/1000238289/product/tbg08302_tbw03002b_85f6f7e502a8411999f518c9d592af8c_medium.png,,sen-tam
Sen tắm nóng lạnh TBG08302V/TBW02017A,https://tototuantu.vn/products/sen-tam-nong-lanh-tbg08302v-tbw02017a-1,"11,127,480₫","14,266,000₫",https://product.hstatic.net/1000238289/product/-tbg08302v-tbw02017a_-_copy-1000x1000_42734b5d0d99484696a51537357ae512_5df28b610bca4b60a803718c39cfabb1_medium.jpg,,sen-tam
Sen tắm nóng lạnh TBG08302VA/TBW02006V,https://tototuantu.vn/products/sen-tam-nong-lanh-tbg08302va-tbw02006v,"10,855,200₫","13,569,000₫",https://product.hstatic.net/1000238289/product/am-toto-tbg08302v-tbw02006a-1000x1000_174fe207629249ffb1ed0762385b2375_7d26d07f5322403981c5ceb0eddd8b0b_medium.jpg,,sen-tam
Sen tắm nóng lạnh TBG08302VA/TBW01010V,https://tototuantu.vn/products/sen-tam-nong-lanh-tbg08302va-tbw01010v,"10,855,200₫","13,569,000₫",https://product.hstatic.net/1000238289/product/am-toto-tbg08302v-tbw01010a-1000x1000_6557d32771b64b3aa8c3a4e1a4c3ab81_6a68c7b9744d4958a061a3d6e6534ad9_medium.jpg,,sen-tam
Sen tắm nóng lạnh TBG08302VA/TBW01008V,https://tototuantu.vn/products/sen-tam-nong-lanh-tbg08302va-tbw01008v,"10,001,940₫","12,823,000₫",https://product.hstatic.net/1000238289/product/am-toto-tbg08302v-tbw01008a-1000x1000_d315b19250e848b1b8b6d5fd4fb3491a_11b68d59080646e5a9fdc0b8e9334a28_medium.jpg,,sen-tam
Sen tắm nóng lạnh TBG07302VA/TBW03002B,https://tototuantu.vn/products/sen-tam-nong-lanh-tbg07302va-tbw03002b,"9,197,760₫","11,792,000₫",https://product.hstatic.net/1000238289/product/tbg07302_tbw03002b__1__c1bd2ce66bdf4718867396146b69b59a_medium.png,,sen-tam
Sen tắm nóng lạnh TBG07302V/TBW02017A,https://tototuantu.vn/products/sen-tam-nong-lanh-tbg07302v-tbw02017a-1,"11,127,480₫","14,266,000₫",https://product.hstatic.net/1000238289/product/am-toto-tbg07302v-tbw02017a-1000x1000_afeee141c55c47a78e1e303d6bc34a81_682e91a420d04449aa3000288cbf8940_medium.jpg,,sen-tam
Sen tắm nóng lạnh TBG07302VA/TBW02006V,https://tototuantu.vn/products/sen-tam-nong-lanh-tbg07302va-tbw02006v,"10,855,200₫","13,569,000₫",https://product.hstatic.net/1000238289/product/006a_4b9714772d9445f4a1cf3a73d703077a_caec00a7e2bb4b0aa0ffb96d4264ea42_cb15dd5fe3b24a3f914c1f1655ead5cc_medium.jpg,,sen-tam
Sen tắm nóng lạnh TBG07302VA/TBW02005V,https://tototuantu.vn/products/sen-tam-nong-lanh-tbg07302va-tbw02005v,"10,258,400₫","12,823,000₫",https://product.hstatic.net/1000238289/product/am-toto-tbg07302v-tbw02005a-1000x1000_bed0ac8564cc47a3a5c91f27bb9a753c_beab5a2fe6f04253bb1333895a3d35c9_medium.jpg,,sen-tam
Sen tắm nóng lạnh TBG07302VA/TBW01010V,https://tototuantu.vn/products/sen-tam-nong-lanh-tbg07302va-tbw01010v,"10,855,200₫","13,569,000₫",https://product.hstatic.net/1000238289/product/am-toto-tbg07302v-tbw01010a-1000x1000_69bc29a001cd41ac9c8ade24fbd31d89_c352a2fe5ea34b159722a8aed8274130_medium.jpg,,sen-tam
Sen tắm nóng lạnh TBG07302VA/TBW01008V,https://tototuantu.vn/products/sen-tam-nong-lanh-tbg07302va-tbw01008v,"10,001,940₫","12,823,000₫",https://product.hstatic.net/1000238289/product/am-toto-tbg07302v-tbw01008a-1000x1000_1aa31ee2c5614203bea573ab2f4a4222_ed9a7c19768246908d13499205ba54d1_medium.jpg,,sen-tam
Sen tắm nóng lạnh TBG04302V/TBW03002B,https://tototuantu.vn/products/sen-tam-nong-lanh-tbg04302v-tbw03002b-1,"5,032,560₫","6,452,000₫",https://product.hstatic.net/1000238289/product/tbg04302v_tbw03002b_017e2ab3fce04c269cd2e1e72af220b4_8e9d31ba524a4955a15f7bc645ed9970_medium.jpg,,sen-tam
Sen tắm nóng lạnh TBG04302V/TBW02017A,https://tototuantu.vn/products/sen-tam-nong-lanh-tbg04302v-tbw02017a-1,"6,962,280₫","8,926,000₫",https://product.hstatic.net/1000238289/product/tbg04302v_tbw02017a_f9da95c260654d39b387449027ac1d55_153f072dabe94cefb31c7c88bbe6006d_medium.jpg,,sen-tam
Sen tắm nóng lạnh TBG04302VA/TBW02006V,https://tototuantu.vn/products/sen-tam-nong-lanh-tbg04302va-tbw02006v,"6,583,200₫","8,229,000₫",https://product.hstatic.net/1000238289/product/tbg04302v_tbw02006a_01_5fa8d21ae61e45a89086d67de79e3db1_b8605a3d20ea4a6e8615e84a30384de3_medium.jpg,,sen-tam
Sen tắm nóng lạnh TBG04302VA/TBW02005V,https://tototuantu.vn/products/sen-tam-nong-lanh-tbg04302va-tbw02005v,"5,986,400₫","7,483,000₫",https://product.hstatic.net/1000238289/product/tbg04302v_tbw02005a_25853099a23845019e8c99279103cb80_581a6e9f746e4c95ade522e796ed6d6d_medium.jpg,,sen-tam
Sen tắm nóng lạnh TBG04302VA/TBW01010V,https://tototuantu.vn/products/sen-tam-nong-lanh-tbg04302va-tbw01010v,"6,583,200₫","8,229,000₫",https://product.hstatic.net/1000238289/product/tbg04302v_tbw01010a_6f98a19bcb154c4c93dc16b6656e7b2e_4732714018744b6aa4de0321d6f316eb_medium.jpg,,sen-tam
Sen tắm nóng lạnh TBG04302VA/TBW01008V,https://tototuantu.vn/products/sen-tam-nong-lanh-tbg04302va-tbw01008v,"5,986,400₫","7,483,000₫",https://product.hstatic.net/1000238289/product/tbg04302v_tbw01008a_f35ef1cadc86463c89de8c2ee270fe58_956aad1d06604bd4ac3372bd2f77e61a_medium.jpg,,sen-tam
Sen tắm nóng lạnh TBG04302V/DGH108ZR,https://tototuantu.vn/products/sen-tam-nong-lanh-tbg04302v-dgh108zr-1,"4,702,620₫","6,029,000₫",https://product.hstatic.net/1000238289/product/tbg04302v_dgh108zr_01_0a6ee51b9fed40f9a721da89d5a0183f_199e1500aed9498597b5845c3a0412d7_medium.jpg,,sen-tam
Sen tắm nóng lạnh TBG04302V/DGH104ZR,https://tototuantu.vn/products/sen-tam-nong-lanh-tbg04302v-dgh104zr-1,"4,166,760₫","5,342,000₫",https://product.hstatic.net/1000238289/product/tbg04302v_dgh104zr_01_fb20735664504eff9cb20bda7a425e6d_f0042ce73b904945824d4a7548f6a2f1_medium.jpg,,sen-tam
Sen tắm nóng lạnh TBG03302VA/TBW03002B,https://tototuantu.vn/products/sen-tam-nong-lanh-tbg03302va-tbw03002b,"5,633,160₫","7,222,000₫",https://product.hstatic.net/1000238289/product/tbg03302v_tbw03002b_85019b91c644461ba309b536293893ac_3c077c58b7204bc297f68c9c4b1f326b_medium.jpg,,sen-tam
Sen tắm nóng lạnh TBG03302V/TBW02017A,https://tototuantu.vn/products/sen-tam-nong-lanh-tbg03302v-tbw02017a-1,"7,562,880₫","9,696,000₫",https://product.hstatic.net/1000238289/product/tbg03302v_tbw02017a_8093fb6bb3854290adc8c37be81d1e88_75576c24588041d79a74d6024b851c36_medium.jpg,,sen-tam
Sen tắm nóng lạnh TBG03302V/TBW02006A,https://tototuantu.vn/products/sen-tam-nong-lanh-tbg03302v-tbw02006a-1,"7,199,200₫","8,999,000₫",https://product.hstatic.net/1000238289/product/tbg03302v_tbw02006a_19b45dc01eca453d87ff9d104dbcb7d6_1ca23abaeea041f8997fb2a019b182c2_medium.jpg,,sen-tam
Sen tắm nóng lạnh TBG03302V/TBW02005A,https://tototuantu.vn/products/sen-tam-nong-lanh-tbg03302v-tbw02005a-1,"6,437,340₫","8,253,000₫",https://product.hstatic.net/1000238289/product/tbg03302v_tbw02005a_548326a738ab4e31b8cc6050fef2ce24_24516bf741304a8e9dab6fad29121f3b_medium.jpg,,sen-tam
Sen tắm nóng lạnh TBG03302VA/TBW01010V,https://tototuantu.vn/products/sen-tam-nong-lanh-tbg03302va-tbw01010v,"7,199,200₫","8,999,000₫",https://product.hstatic.net/1000238289/product/tbg03302v_tbw01010a_8e0ad14578834cf5b2e19cc77ddf7230_f9c3f824ba9940b1ac4584c61c141990_medium.jpg,,sen-tam
Sen tắm nóng lạnh TBG03302VA/TBW01008V,https://tototuantu.vn/products/sen-tam-nong-lanh-tbg03302va-tbw01008v,"6,602,400₫","8,253,000₫",https://product.hstatic.net/1000238289/product/tbg03302v_tbw01008a_daeaad100cdc488fb3bc831d0361ce17_20e27fe208ac4148a1669be565d16af2_medium.jpg,,sen-tam
Sen tắm nóng lạnh TBG02302VA/TBW03002B,https://tototuantu.vn/products/sen-tam-nong-lanh-tbg02302va-tbw03002b,"5,906,160₫","7,572,000₫",https://product.hstatic.net/1000238289/product/tbg02302v_tbw03002b_7b7df873704b45debde7db935de0bc78_57819bd5bc9c452dac7d311f6738b633_medium.jpg,,sen-tam
Sen tắm nóng lạnh TBG02302V/TBW02017A,https://tototuantu.vn/products/sen-tam-nong-lanh-tbg02302v-tbw02017a-3,"7,835,880₫","10,046,000₫",https://product.hstatic.net/1000238289/product/tbg02302v_tbw02017a_939d9b51c27644b99d8dc66854f4202f_be87b2fde6224fb48d98bac48fa2dabb_medium.jpg,,sen-tam
Sen tắm nóng lạnh TBG02302VA/TBW02006V,https://tototuantu.vn/products/sen-tam-nong-lanh-tbg02302va-tbw02006v,"7,479,200₫","9,349,000₫",https://product.hstatic.net/1000238289/product/tbg02302v_tbw02006a_6594c701ee5f4e93a2dc308e914395f9_5fd718585cb0401b912d4cde4b5e8d96_medium.jpg,,sen-tam
Sen tắm nóng lạnh TBG02302VA/TBW02005V,https://tototuantu.vn/products/sen-tam-nong-lanh-tbg02302va-tbw02005v,"6,882,400₫","8,603,000₫",https://product.hstatic.net/1000238289/product/tbg02302v_tbw02005a_d915894ebeed4ccca16f2f5a6e02fd3b_354dffacb25d41208994ac7150ad00f2_medium.jpg,,sen-tam
Sen tắm nóng lạnh TBG02302VA/TBW01010V,https://tototuantu.vn/products/sen-tam-nong-lanh-tbg02302va-tbw01010v,"7,479,200₫","9,349,000₫",https://product.hstatic.net/1000238289/product/tbg02302v_tbw01010a_185314dac3c3436ebbab82f5ec15720f_db28eb5eeca04221866785e1715417ab_medium.jpg,,sen-tam
Sen tắm nóng lạnh TBG02302V/TBW01008A,https://tototuantu.vn/products/sen-tam-nong-lanh-tbg02302v-tbw01008a-1,"6,710,340₫","8,603,000₫",https://product.hstatic.net/1000238289/product/tbg02302v_tbw01008a_4454de2bba5443f596b81f0732a0b2d0_5f7a88001dd04fdcb9a2fb6de35a5c61_medium.jpg,,sen-tam
Sen tắm nóng lạnh TBG01302V/TBW03002B,https://tototuantu.vn/products/sen-tam-nong-lanh-tbg01302v-tbw03002b-1,"6,405,360₫","8,212,000₫",https://product.hstatic.net/1000238289/product/tbg01302v_tbw03002b_01_a24f500af71b40a7ba802da7be1e67c6_9b466471dc6244d38e4c2509002868a4_medium.jpg,,sen-tam
Sen tắm nóng lạnh TBG01302V/TBW02017A,https://tototuantu.vn/products/sen-tam-nong-lanh-tbg01302v-tbw02017a-1,"8,335,080₫","10,686,000₫",https://product.hstatic.net/1000238289/product/tbg01302v_tbw02017a_baf6ad62188247c4bb62309e6a4aa416_c915b1d765ed42ab9087bdc7d95aed14_medium.jpg,,sen-tam
Sen tắm nóng lạnh TBG01302VA/TBW02006V,https://tototuantu.vn/products/sen-tam-nong-lanh-tbg01302va-tbw02006v,"7,991,200₫","9,989,000₫",https://product.hstatic.net/1000238289/product/tbg01302v_tbw02006a_01_1_d78218c1a9a74191991cc85525550826_6c6efb10b7fe4bb49339e01c58da3ccd_medium.jpg,,sen-tam
Sen tắm nóng lạnh TBG01302V/TBW02005A,https://tototuantu.vn/products/sen-tam-nong-lanh-tbg01302v-tbw02005a-1,"7,209,540₫","9,243,000₫",https://product.hstatic.net/1000238289/product/tbg01302v_tbw02005a_01_2f1a5aa80e2b413d935dfc175921320c_20ee2d1aa3f343ea9a2e0763038b7da8_medium.jpg,,sen-tam
Sen tắm nóng lạnh TBG01302VA/TBW01010V,https://tototuantu.vn/products/sen-tam-nong-lanh-tbg01302va-tbw01010v,"7,991,200₫","9,989,000₫",https://product.hstatic.net/1000238289/product/tbg01302v_tbw01010a_01_932e306b12ef4700b00f5e2557cb7f82_7b3456603609473ab824106a60849c31_medium.jpg,,sen-tam
Sen tắm nóng lạnh TBG01302VA/TBW01008V,https://tototuantu.vn/products/sen-tam-nong-lanh-tbg01302va-tbw01008v,"7,394,400₫","9,243,000₫",https://product.hstatic.net/1000238289/product/tbg01302v_tbw01008a_01_578fe889f30546d289e0819b969b8982_699c549be62340e59443db0698260573_medium.jpg,,sen-tam
Sen tắm nhiệt độ Nhật Bản TBV03431V/TBW03002B,https://tototuantu.vn/products/sen-tam-nhiet-do-nhat-ban-tbv03431v-tbw03002b-1,"7,668,960₫","9,832,000₫",https://product.hstatic.net/1000238289/product/tbv03431v.tbw03002b_152987c8b50c40db9fef15e3ffdd8ad9_2aba14f1b4fd49e5816991893391e0d2_medium.png,,sen-tam
Sen tắm nhiệt độ Nhật Bản TBV03431V/TBW02017A,https://tototuantu.vn/products/sen-tam-nhiet-do-nhat-ban-tbv03431v-tbw02017a-1,"9,598,680₫","12,306,000₫",https://product.hstatic.net/1000238289/product/tbv03431v.tbw02017a_10f1a2134ae94dcfb8d3f9bc52b26ebe_4294738266824b3db3c1a4c2d9986130_medium.png,,sen-tam
Sen tắm nhiệt độ Nhật Bản TBV03431V/TBW02006V,https://tototuantu.vn/products/sen-tam-nhiet-do-nhat-ban-tbv03431v-tbw02006v,"9,055,020₫","11,609,000₫",https://product.hstatic.net/1000238289/product/tbv03431v.tbw02006a_72fdbb53176547fd834527073ec7d6c8_d6be7171f066469daa23cb920cbbf899_medium.png,,sen-tam
Sen tắm nhiệt độ Nhật Bản TBV03431V/TBW01010V,https://tototuantu.vn/products/sen-tam-nhiet-do-nhat-ban-tbv03431v-tbw01010v,"9,055,020₫","11,609,000₫",https://product.hstatic.net/1000238289/product/tbv03431v.tbw01010a_3da7b2127fa241b8b1342c96d944d967_8ea23ea887354eccb1cb51480d6d1f2f_medium.png,,sen-tam
Sen tắm nhiệt độ Nhật Bản TBV03431V/TBW01008V,https://tototuantu.vn/products/sen-tam-nhiet-do-nhat-ban-tbv03431v-tbw01008v,"8,473,140₫","10,863,000₫",https://product.hstatic.net/1000238289/product/tbv03431v.tbw01008a_b34fbb3f5b9d480194484439cc2f93a0_3618a00b639b4a7cb66b6721001aaac0_medium.png,,sen-tam
Sen tắm nhiệt độ Nhật Bản TBV03429V/TBW03002B,https://tototuantu.vn/products/sen-tam-nhiet-do-nhat-ban-tbv03429v-tbw03002b-1,"9,985,560₫","12,802,000₫",https://product.hstatic.net/1000238289/product/tbv03429v.tbw03002b_58fb33333e1c4d628f0de0d255b6b333_425a628504a7444dbf197ddfb2f38f73_medium.png,,sen-tam
Sen tắm nhiệt độ Nhật Bản TBV03429V/TBW02017A,https://tototuantu.vn/products/sen-tam-nhiet-do-nhat-ban-tbv03429v-tbw02017a-1,"11,915,280₫","15,276,000₫",https://product.hstatic.net/1000238289/product/tbv03429v.tbw02017a_66364afac94d41aa9e441cf8177b43ee_52606b84729645c682afba94708daef5_medium.png,,sen-tam
Sen tắm nhiệt độ Nhật Bản TBV03429V/TBW02006V,https://tototuantu.vn/products/sen-tam-nhiet-do-nhat-ban-tbv03429v-tbw02006v,"11,371,620₫","14,579,000₫",https://product.hstatic.net/1000238289/product/tbv03429v.tbw02006a_2ad2696ebeae49e4a1f61b2be2845bed_6659cbf9cb904c01bfa4ca6f236c885d_medium.png,,sen-tam
Sen tắm nhiệt độ Nhật Bản TBV03429V/TBW01010V,https://tototuantu.vn/products/sen-tam-nhiet-do-nhat-ban-tbv03429v-tbw01010v,"11,371,620₫","14,579,000₫",https://product.hstatic.net/1000238289/product/tbv03429v.tbw01010a_a80c5e2eb7274dc5871a0352c7e41ca1_8b2ffcb546d74c2abcc80592ddcfd06f_medium.png,,sen-tam
Sen tắm nhiệt độ Nhật Bản TBV03427V/TBW02017A,https://tototuantu.vn/products/sen-tam-nhiet-do-nhat-ban-tbv03427v-tbw02017a-1,"10,526,880₫","13,496,000₫",https://product.hstatic.net/1000238289/product/tbv03427v.tbw02017a_099983cc54de42a7bd96565fc124e3fa_d742e1a1e0464fdd8505c6655608be05_medium.png,,sen-tam
Sen tắm nhiệt độ Nhật Bản TBV03427V/TBW02006V,https://tototuantu.vn/products/sen-tam-nhiet-do-nhat-ban-tbv03427v-tbw02006v,"9,983,220₫","12,799,000₫",https://product.hstatic.net/1000238289/product/tbv03427v.tbw02006a_8cda6847a4614644ae2e018f28d088cb_e37125ce2eb64ec381e7ef3480d98454_medium.png,,sen-tam
Sen tắm nhiệt độ Nhật Bản TBV03427V/TBW01010V,https://tototuantu.vn/products/sen-tam-nhiet-do-nhat-ban-tbv03427v-tbw01010v,"9,983,220₫","12,799,000₫",https://product.hstatic.net/1000238289/product/tbv03427v.tbw01010a_eebaa476d434414f913dc5f16255d353_dd650b7059c24578b25e44365ec695d8_medium.png,,sen-tam
Sen cây kết hợp TVSM104NSR/DM907CS,https://tototuantu.vn/products/sen-cay-ket-hop-tvsm104nsr-dm907cs-1,"8,782,800₫","11,260,000₫",https://product.hstatic.net/1000238289/product/tvsm104nsr_dm907cs__d10f56c388a549d8bdd5fde3ce2cec76_medium.jpg,,sen-tam
Phụ kiền âm tường TBN01104B,https://tototuantu.vn/products/phu-kien-am-tuong-tbn01104b-1,"2,480,400₫","3,180,000₫",https://product.hstatic.net/1000238289/product/fix_tbn01104_6777f0e3937940e3a413b123af1cd656_84f7b9939a914a0ebc7f7403b675987e_medium.jpg,,sen-tam
Phụ kiện âm tường TBN01103B,https://tototuantu.vn/products/phu-kien-am-tuong-tbn01103b-1,"3,361,800₫","4,310,000₫",https://product.hstatic.net/1000238289/product/fix_tbn01101_tbn01102_tbn01103_1_2c71f0c102a747ff9d40e270a3866ca4_b6568e86188e4bfd8573e18fce57de91_medium.jpg,,sen-tam
Phụ kiện âm tường TBN01102B,https://tototuantu.vn/products/phu-kien-am-tuong-tbn01102b-1,"3,361,800₫","4,310,000₫",https://product.hstatic.net/1000238289/product/fix_tbn01101_tbn01102_tbn01103_fd27ca61c7b54f8e801926b8f7428996_961c121c0cce44a7acc454821ff4b658_medium.jpg,,sen-tam
Phụ kiện âm tường TBN01101B,https://tototuantu.vn/products/phu-kien-am-tuong-tbn01101b-1,"3,361,800₫","4,310,000₫",https://product.hstatic.net/1000238289/product/fix_tbn01101_tbn01102_tbn01103_2_abffb71a837b469483b77373948396fd_91316e65da564b9d9c1eacbd358bb769_medium.jpg,,sen-tam
Phụ kiện âm tường TBN01002B,https://tototuantu.vn/products/phu-kien-am-tuong-tbn01002b-1,"2,230,800₫","2,860,000₫",https://product.hstatic.net/1000238289/product/tbn01002b_9de34204e29c4a3ba8d126565080e745_07334fce11884e2892867c265a3a93c3_medium.jpg,,sen-tam
Phụ kiện âm tường TBN01001B,https://tototuantu.vn/products/phu-kien-am-tuong-tbn01001b-1,"1,840,800₫","2,360,000₫",https://product.hstatic.net/1000238289/product/fix_tbn01001_0055e998ed354fff969b4168bc5626d8_eda552bbd7f944c78e1ee271ee6c8083_medium.jpg,,sen-tam
Bộ sen tắm DM907CS/TBS04302V/DGH104ZR,https://tototuantu.vn/products/dm907cs-tbs04302v-dgh104zr-1,"8,456,760₫","10,842,000₫",https://product.hstatic.net/1000238289/product/dm907cs_46b91bd74b02436f9db6b1d07b31a938_00bfab06e3f8461d83c441a77632e2fb_medium.jpg,,sen-tam
Bộ sen TBW02002B1/TBG02302V/TBW02017A,https://tototuantu.vn/products/bo-sen-tbw02002b-tbg02302v-tbw02017a-1,"19,387,680₫","24,856,000₫",https://product.hstatic.net/1000238289/product/tbw02002b-tbg02302v-tbw02017a_fb3853517e734805ad5c8d47fa55d068_d60b0f6aeed545539dd11673ff89e89f_medium.jpg,,sen-tam
Bộ sen tắm TBW01002B1/TBG03302V/TBW01010A,https://tototuantu.vn/products/bo-sen-tbw01002b-tbg03302v-tbw01010a-1,"18,863,200₫","23,579,000₫",https://product.hstatic.net/1000238289/product/tbw01002b_tbg03302v_tbw01010a_aaec3b2b64064a6091aee8621e2eaf06_571dcb11f7824b979d2c3feba6c29883_medium.jpg,,sen-tam
Bộ sen tắm TBW01001B1/TBS04302V/TBW03002B,https://tototuantu.vn/products/bo-sen-tam-tbw01001b-tbs04302v-tbw03002b-1,"14,486,160₫","18,572,000₫",https://product.hstatic.net/1000238289/product/a_411c737816b648eca1aa612793f91b11_e4d86b8d4e644221948cca44710d5e37_medium.png,,sen-tam
Bộ sen tắm TBW01001B1/TBS03302V/TBW03002B,https://tototuantu.vn/products/bo-sen-tam-tbw01001b-tbs03302v-tbw03002b-1,"15,164,760₫","19,442,000₫",https://product.hstatic.net/1000238289/product/1c737816b648eca1aa612793f91b11_grande_032ca33870de4a7699dc2c58c54ffd83_da487467e24b4265828e2a8b1a5b6e0a_medium.png,,sen-tam
Bộ sen tắm TBW01001B1/TBS02302V/TBW01008A,https://tototuantu.vn/products/bo-sen-tam-tbw01001b-tbs02302v-tbw01008a-1,"15,968,940₫","20,473,000₫",https://product.hstatic.net/1000238289/product/5ca86d8b50637_b4e26475e02045568638f45a7c4aa6d1_cbc588a0fd4d43c6aa28d4aced4e021b_medium.png,,sen-tam
Bộ sen tắm TBW01001B11/TBS01302V/TBW01008A,https://tototuantu.vn/products/bo-sen-tam-tbw01001b-tbs01302v-tbw01008a-1,"15,968,940₫","20,473,000₫",https://product.hstatic.net/1000238289/product/tbw01001b_tbs01302v_tbw01008a_4e73ea0619f740c983aa1d1dfc7827a5_3831ef4955454352ada74a9bd03cdca4_medium.jpg,,sen-tam
Bộ sen tắm DM907CS/TBS03302V/DGH104ZR,https://tototuantu.vn/products/bo-sen-tam-dm907cs-tbs03302v-dgh104zr-1,"8,456,760₫","10,842,000₫",https://product.hstatic.net/1000238289/product/ay-toto-dm907cs-_tbs03302v_-_dgh104zr_db9c3e155ae44763aaddaee4460e435b_07a59c08879544579caef51a55bd57ac_medium.png,,sen-tam
Bộ sen tắm DM907CS/TBS02302V/DGH104ZR,https://tototuantu.vn/products/bo-sen-tam-dm907cs-tbs02302v-dgh104zr-1,"9,135,360₫","11,712,000₫",https://product.hstatic.net/1000238289/product/dm907cs.tbs02302v.dgh104zr_9ab20a93b8324247a8ac2252c15c39cd_99a00d5666ad459aa93791b844460b6f_medium.jpg,,sen-tam
Bộ sen tắm DM907CS/TBS01302V/DGH104ZR,https://tototuantu.vn/products/bo-sen-tam-dm907cs-tbs01302v-dgh104zr-1,"9,135,360₫","11,712,000₫",https://product.hstatic.net/1000238289/product/s-toto-dm907cs_-_tbs01302v_-_dgh104zr_e25aaadab3fb4c349000295afd4740c1_07cb03e37f3d448c82a13b2466d18adf_medium.png,,sen-tam
Bát sen tắm gắn tường TOTO DBX120CAMR#PG,https://tototuantu.vn/products/bat-sen-tam-gan-tuong-toto-dbx120camr-pg-1,"24,109,800₫","30,910,000₫",https://product.hstatic.net/1000238289/product/dbx120camr-01_fd68ca68c29a4b5e95e8acb4f8bf824e_aa48c61aa49745b6b92599696c7f3f4b_medium.jpg,,sen-tam
Bát sen gắn tường TX488SZ,https://tototuantu.vn/products/bat-sen-gan-tuong-tx488sz-1,"5,261,100₫","6,745,000₫",https://product.hstatic.net/1000238289/product/tx488sz_af8c4eb1a3404bf4a9eb50c57fb2d1cd_87105ba00f5f4fcc91670678dcc2e241_medium.jpg,,sen-tam
Bát sen gắn tường TBW01012B,https://tototuantu.vn/products/bat-sen-gan-tuong-tbw01012b-1,"1,033,500₫","1,325,000₫",https://product.hstatic.net/1000238289/product/fix_tbw01012_2e33e47062134772917e4b5270c9db82_994d992b7f2344769e9a3d1c2e5e7f30_medium.jpg,,sen-tam
Bát sen gắn tường DBX114CAMR,https://tototuantu.vn/products/bat-sen-gan-tuong-dbx114camr-1,"26,777,400₫","34,330,000₫",https://product.hstatic.net/1000238289/product/dbx114camr_fbc7326918b4467dbd5f6561b0a9f81b_13f81e45daed4dc8b23be4e89787de04_medium.jpg,,sen-tam
Bát sen gắn tường đa chế độ TBW03001B,https://tototuantu.vn/products/bat-sen-gan-tuong-da-che-do-tbw03001b-1,"1,493,700₫","1,915,000₫",https://product.hstatic.net/1000238289/product/fix_tbw03001_feaddc3ff1fc4e749257ca309498a817_f41aab5c97c64320bb5750606659efbb_medium.jpg,,sen-tam
Bát sen gắn tường đa chế độ TBW01013V,https://tototuantu.vn/products/bat-sen-gan-tuong-da-che-do-tbw01013v,"1,095,120₫","1,404,000₫",https://product.hstatic.net/1000238289/product/fix_tbw01013_24aff8ba406c403687c962bf70b50259_8d995a1689e546669b17c77ec49235d9_medium.jpg,,sen-tam
Bát sen gắn tường 2 chế độ massage TBW01005B/TBN01002B ( Gồm 4 mã màu ),https://tototuantu.vn/products/bat-sen-gan-tuong-2-che-do-massage-tbw01005b-tbn01002b-1,"20,660,640₫","26,488,000₫",https://product.hstatic.net/1000238289/product/tbw01005b_pfg_521456ef8e164fd78087cbb9e8a49c2a_medium.jpg,,sen-tam
Bát sen gắn trần TX491SN,https://tototuantu.vn/products/bat-sen-gan-tran-tx491sn-1,"5,146,440₫","6,598,000₫",https://product.hstatic.net/1000238289/product/tx491sn_8655358f33054e1f95eea0f38f5872c2_b94186ec99914856a266fb806c09bec1_medium.jpg,,sen-tam
Bát sen gắn trần DBX114-1CAM,https://tototuantu.vn/products/bat-sen-gan-tran-dbx114-1cam-1,"26,297,700₫","33,715,000₫",https://product.hstatic.net/1000238289/product/dbx114_1cam_e9d59501bd5c4f0e9a0458789f136d5e_5ecb9d4ff2624d1f85b6f905ca16b699_medium.jpg,DBX114-1CAM,sen-tam
Bát sen gắn trần TBW02003B1A,https://tototuantu.vn/products/bat-sen-gan-tran-bat-sen-vuong-tbw02003b1-1,"4,648,800₫","5,960,000₫",https://product.hstatic.net/1000238289/product/tbw02003b1_e61279cfca1e49f4b86f3e21cc9e96eb_64ff5cb8c9994ec99d2e47dcc4ed711b_medium.jpg,,sen-tam
Bát sen gắn trần TBW01003B1A ( Gồm 4 mã màu ),https://tototuantu.vn/products/bat-sen-gan-tran-bat-sen-tron-tbw01003b1-1,"4,648,800₫","5,960,000₫",https://product.hstatic.net/1000238289/product/tbw01003b1_b9eade40932c4caaa18015fc99200d62_4ccf9f051f044a749dc1caea0098f58a_medium.jpg,,sen-tam
Củ sen nóng lạnh TOTO TVSM110RUR,https://tototuantu.vn/products/cu-sen-nong-lanh-toto-tvsm110rur,"3,322,800₫","4,260,000₫",https://product.hstatic.net/1000238289/product/tvsm110rur-1_11ed2c3812db4e438d9b2a362103537a_medium.jpg,,sen-tam
Vòi xả bồn gắn tường TOTO TBG11001B,https://tototuantu.vn/products/voi-xa-bon-gan-tuong-toto-tbg11001b,"2,020,200₫","2,590,000₫",https://product.hstatic.net/1000238289/product/tbg11001b_16b6977c4092437abba5563d91c98881_medium.png,,sen-tam
Van điều chỉnh nóng lạnh TOTO TBG11304V/TBN01001B,https://tototuantu.vn/products/van-dieu-chinh-nong-lanh-toto-tbg11304v-tbn01001b,"6,450,600₫","8,270,000₫",https://product.hstatic.net/1000238289/product/tbg11304v_tbn01001b_b1bed454f9384d7a8f7173a8901f30b7_medium.jpg,,sen-tam
Van điều chỉnh nóng lạnh TOTO TBG11303V/TBN01001B,https://tototuantu.vn/products/van-dieu-chinh-nong-lanh-toto-tbg11303v-tbn01001b,"5,389,800₫","6,910,000₫",https://product.hstatic.net/1000238289/product/tbg11303v_tbn01001b_683be778545349b5b93f96c97f4308e5_medium.jpg,,sen-tam
Sen tắm nhiệt độ Nhật Bản TBV03427V/TBW01008A,https://tototuantu.vn/products/sen-tam-nhiet-do-nhat-ban-tbv03427v-tbw01008a,"9,401,340₫","12,053,000₫",https://product.hstatic.net/1000238289/product/tbv03427v-tbw01008a__1__fa49844b6e9d40b5ae8a1d639bffce25_medium.jpg,,sen-tam
Sen tắm nhiệt độ Nhật Bản TBV03429V/TBW01008A,https://tototuantu.vn/products/sen-tam-nhiet-do-nhat-ban-tbv03429v-tbw01008a,"10,789,740₫","13,833,000₫",https://product.hstatic.net/1000238289/product/tbv03429v.tbw01008a_93813c5232d44076b51a6b36fbf7b4f9_medium.png,,sen-tam
Van gật gù nóng lạnh LF TBS04302V,https://tototuantu.vn/products/van-gat-gu-nong-lanh-lf-tbs04302v,"2,254,200₫","2,890,000₫",https://product.hstatic.net/1000238289/product/tbs04302v-01_01d169aaf4ed47a2b3e429b60fd80f8c_medium.jpg,,sen-tam
Van gật gù nóng lạnh LC TBS03302V,https://tototuantu.vn/products/van-gat-gu-nong-lanh-lc-tbs03302v,"2,254,200₫","2,890,000₫",https://product.hstatic.net/1000238289/product/tbs03302v-01_a41e5d0006c74d978479c5a058c3eccd_medium.jpg,,sen-tam
Van gật gù nóng lạnh LN TBS02302V,https://tototuantu.vn/products/van-gat-gu-nong-lanh-ln-tbs02302v,"2,932,800₫","3,760,000₫",https://product.hstatic.net/1000238289/product/tbs02302v_370985475bc049f5b8e4624205b0b629_medium.jpg,,sen-tam
Van gật gù nóng lạnh LB TBS01302V,https://tototuantu.vn/products/van-gat-gu-nong-lanh-lb-tbs01302v,"2,932,800₫","3,760,000₫",https://product.hstatic.net/1000238289/product/tbs01302v_c75ac72f6eac40fc8ce7d275100c35e5_medium.jpg,,sen-tam
Van gật gù nóng lạnh GA TBG04302VA,https://tototuantu.vn/products/van-gat-gu-nong-lanh-ga-tbg04302va,"3,416,400₫","4,380,000₫",https://product.hstatic.net/1000238289/product/tbg04302v_924cc05e6ed248b7b659916f72730232_medium.jpg,,sen-tam
Van gật gù nóng lạnh GS TBG03302VA,https://tototuantu.vn/products/van-gat-gu-nong-lanh-gs-tbg03302v,"4,017,000₫","5,150,000₫",https://product.hstatic.net/1000238289/product/tbg03302v_fbbfe7d08f114ca6b73d3d4d89142faf_medium.jpg,,sen-tam
Van gật gù nóng lạnh GR TBG02302VA,https://tototuantu.vn/products/van-gat-gu-nong-lanh-gr-tbg02302va,"4,290,000₫","5,500,000₫",https://product.hstatic.net/1000238289/product/tbg02302v_05a5f5f568e842cc8cf07e1604b95c9f_medium.jpg,,sen-tam
Van gật gù nóng lạnh GF TBG11302VA,https://tototuantu.vn/products/van-gat-gu-nong-lanh-gf-tbg11302va,"4,290,000₫","5,500,000₫",https://product.hstatic.net/1000238289/product/tbg11302v_7510ce691dc04b75a339f93a8383837d_medium.jpg,,sen-tam
Van gật gù nóng lạnh GO TBG01302VA,https://tototuantu.vn/products/van-gat-gu-nong-lanh-go-tbg01302va,"4,789,200₫","6,140,000₫",https://product.hstatic.net/1000238289/product/tbg01302v_f83e94fd62b8468a94fd3e372f4d4105_medium.jpg,,sen-tam
Van gật gù nóng lạnh GB TBG10302VA,https://tototuantu.vn/products/van-gat-gu-nong-lanh-gb-tbg10302va,"5,249,400₫","6,730,000₫",https://product.hstatic.net/1000238289/product/tbg10302v_15c04b6ef7424b498b4272eb74edf115_medium.jpg,,sen-tam
Vòi xả bồn GB TBG10001B,https://tototuantu.vn/products/voi-xa-bon-gb-tbg10001b,"2,496,000₫","3,200,000₫",https://product.hstatic.net/1000238289/product/anh_man_hinh_2023-06-23_luc_11.06.46_7a5289cd785a484a899e360a89ad86a3_medium.png,,sen-tam
Van gật gù điều chỉnh nóng lạnh TBG10304VA/TBN01001B,https://tototuantu.vn/products/van-gat-gu-dieu-chinh-nong-lanh-tbg10304va-tbn01001b,"7,527,000₫","9,650,000₫",https://product.hstatic.net/1000238289/product/tbg10304v_tbn01001b_5a77259328ce4415b45183dc32b23fec_medium.jpg,,sen-tam
Van gật gù điều chỉnh nóng lạnh TBG10303V/TBN01001B,https://tototuantu.vn/products/van-gat-gu-dieu-chinh-nong-lanh-tbg10303v-tbn01001b,"6,193,200₫","7,940,000₫",https://product.hstatic.net/1000238289/product/tbg10303v_tbn01001b_e93911473b974f369a235991f209273b_medium.jpg,,sen-tam
Bát sen massage 5 chế độ TBW03002B,https://tototuantu.vn/products/bat-sen-massage-5-che-do-tbw03002b,"1,616,160₫","2,072,000₫",https://product.hstatic.net/1000238289/product/fix_tbw03002_d138c04702ea46938ba27fc806059a0c_medium.jpg,,sen-tam
Cút nối tường TBW02013B ( Gồm 3 mã màu ),https://tototuantu.vn/products/cut-noi-tuong-tbw02013b,"592,800₫","760,000₫",https://product.hstatic.net/1000238289/product/tbw02013b_721f6750e0d34007a4f8b5b2104a618f_medium.jpg,,sen-tam
Cút nối tường TBW01014B ( Gồm 3 mã màu ),https://tototuantu.vn/products/cut-noi-tuong-tbw01014b,"592,800₫","760,000₫",https://product.hstatic.net/1000238289/product/tbw01014b_8b6ae4ac7d184a4caefcff63116fd416_medium.jpg,,sen-tam
Thanh trượt sen tắm (loại vuông) TBW02011B,https://tototuantu.vn/products/thanh-truot-sen-tam-loai-vuong-tbw02011b,"1,404,000₫","1,800,000₫",https://product.hstatic.net/1000238289/product/fix_tbw02011_bfc4842df13c4d839258d9d6f7d5cee2_medium.jpg,,sen-tam
Thanh trượt sen tắm (loại tròn) TBW01015B,https://tototuantu.vn/products/thanh-truot-sen-tam-loai-tron-tbw01015b,"1,599,000₫","2,050,000₫",https://product.hstatic.net/1000238289/product/fix_tbw01015_cda320db28c54bbc90ebd449854cd65c_medium.jpg,,sen-tam
Bát sen gắn tường 2 chế độ massage TBW02004A,https://tototuantu.vn/products/bat-sen-gan-tuong-2-che-do-massage-tbw02004a,"5,828,160₫","7,472,000₫",https://product.hstatic.net/1000238289/product/tbw02004a_3feca926a1c84f4eac99af830349e512_medium.jpeg,,sen-tam
Bát sen gắn tường TBW01004,https://tototuantu.vn/products/bat-sen-gan-tuong-tbw01004a,"5,812,560₫","7,452,000₫",https://product.hstatic.net/1000238289/product/tbw01004a_ea1431f62d9a466aadff570b2ae22b1c_medium.jpg,,sen-tam
Bát sen gắn tường TBW02003A ( Gồm 4 mã màu ),https://tototuantu.vn/products/bat-sen-gan-tuong-tbw02003a,"5,070,000₫","6,500,000₫",https://product.hstatic.net/1000238289/product/tbw02003a_4f755b7ed5e54be99e67265e3f57d443_medium.jpg,,sen-tam
Bát sen gắn tường TBW01003A ( Gồm 4 mã màu ),https://tototuantu.vn/products/bat-sen-gan-tuong-tbw01003a,"5,054,400₫","6,480,000₫",https://product.hstatic.net/1000238289/product/tbw01003a_5b8f17fc335b4dd7beb659a24bb021dd_medium.jpg,,sen-tam
Vòi Sen Cây TOTO TBW01404BB (TBW01404B) Nhiệt Độ Massage,https://tototuantu.vn/products/sen-cay-nhiet-do-2-che-do-massage-tbw01404b,"17,300,400₫","22,180,000₫",https://product.hstatic.net/1000238289/product/fix_tbw01404_b4a6783b3836495ab34adc99533b0fe1_medium.jpg,,sen-tam
Sen cây nhiệt độ (bát sen tròn) TBW01402B,https://tototuantu.vn/products/sen-cay-nhiet-do-bat-sen-tron-tbw01402b,"16,988,400₫","21,780,000₫",https://product.hstatic.net/1000238289/product/fix_tbw01402_d135ad71db804b32a00ed7a8501be479_medium.jpg,,sen-tam
Sen cây nóng lạnh 2 chế độ massage TBW01303BA,https://tototuantu.vn/products/sen-cay-nong-lanh-2-che-do-massage-tbw01303ba,"16,450,200₫","21,090,000₫",https://product.hstatic.net/1000238289/product/fix_tbw01303_1fa2925d6d9144999722899271ed0e92_medium.jpg,,sen-tam
Sen cây nóng lạnh (bát sen tròn) TBW01302B,https://tototuantu.vn/products/sen-cay-nong-lanh-bat-sen-tron-tbw01302b,"15,444,000₫","19,800,000₫",https://product.hstatic.net/1000238289/product/fix_tbw01302_574779e1876643ed80c69830db2f4e47_medium.jpg,,sen-tam
Vòi Sen Cây TOTO TBW01401BB (TBW01401B) Nhiệt Độ,https://tototuantu.vn/products/sen-cay-nhiet-do-bat-sen-tron-tbw01401b,"18,564,000₫","23,800,000₫",https://product.hstatic.net/1000238289/product/fix_tbw01401_50cb2ba7b4fe4707bf6dfeb1ed64730d_medium.jpg,,sen-tam
Thân sen cây (bát sen tròn) TBW01002BA,https://tototuantu.vn/products/than-sen-cay-bat-sen-tron-tbw01002ba,"11,372,400₫","14,580,000₫",https://product.hstatic.net/1000238289/product/tbw01002ba_ea58e064f6534dd5b0998c9e10bcb3a4_medium.jpg,,sen-tam
Thân sen cây (bát sen vuông) TBW02001BA,https://tototuantu.vn/products/than-sen-cay-bat-sen-vuong-tbw02001ba,"10,693,800₫","13,710,000₫",https://product.hstatic.net/1000238289/product/tbw02001ba_3951ca9520264940b565e735a2c1b654_medium.jpg,,sen-tam
Van gật gù điều chỉnh nóng lạnh TBS04304B,https://tototuantu.vn/products/van-gat-gu-dieu-chinh-nong-lanh-tbs04304b,"2,987,400₫","3,830,000₫",https://product.hstatic.net/1000238289/product/fix_tbs04304_060f4b4033234b79be7a9198777fca74_medium.jpg,,sen-tam
Van gật gù điều chỉnh nóng lạnh TBS04303B,https://tototuantu.vn/products/van-gat-gu-dieu-chinh-nong-lanh-tbs04303b,"2,113,800₫","2,710,000₫",https://product.hstatic.net/1000238289/product/fix_tbs04303_f66171520a68435da8d45aa954017624_medium.jpg,,sen-tam
Vòi xả bồn LC TBS03001B,https://tototuantu.vn/products/voi-xa-bon-lc-tbs03001b,"1,443,000₫","1,850,000₫",https://product.hstatic.net/1000238289/product/fix_tbs03001_aec204f62e0349a08a24140a59792e02_medium.jpg,,sen-tam
Vòi xả bồn LN TBS02001B,https://tototuantu.vn/products/voi-xa-bon-ln-tbs02001b,"1,645,800₫","2,110,000₫",https://product.hstatic.net/1000238289/product/fix_tbs02001_906318f1459c464e8d334ff4420c2eee_medium.jpg,,sen-tam
Van gật gù điều chỉnh nóng lạnh TBG04304BA/TBN01001B ( gồm 3 mã màu ),https://tototuantu.vn/products/van-gat-gu-dieu-chinh-nong-lanh-tbg04304b-tbn01001b,"5,538,000₫","7,100,000₫",https://product.hstatic.net/1000238289/product/tbg04304b_tbn01001b_200ba5484f6b452db9d4230ffe25fde2_medium.jpg,,sen-tam
Van gật gù điều chỉnh nóng lạnh TBG04303BA/TBN01001B,https://tototuantu.vn/products/van-gat-gu-dieu-chinh-nong-lanh-tbg04303b-tbn01001b,"4,672,200₫","5,990,000₫",https://product.hstatic.net/1000238289/product/tbg04303b_tbn01001b_01_ab2d3e9bd5a949d7a05273509ee67ecf_medium.jpg,,sen-tam
Vòi xả bồn GR TBG02001B,https://tototuantu.vn/products/voi-xa-bon-gr-tbg02001b,"2,012,400₫","2,580,000₫",https://product.hstatic.net/1000238289/product/tbg02001b_09e28b8a5d8045bfbfaab4a2835c2d43_medium.jpg,,sen-tam
Vòi xả bồn TOTO TBG01001B,https://tototuantu.vn/products/voi-xa-bon-toto-tbg01001b,"2,277,600₫","2,920,000₫",https://product.hstatic.net/1000238289/product/tlg04101b_fix_anh_1_4x_5104c3c00a6c466e90bc73fa3cb64596_medium.png,,sen-tam
Bát sen mạ DGH104ZR,https://tototuantu.vn/products/bat-sen-ma-dgh104zr-1,"750,360₫","962,000₫",https://product.hstatic.net/1000238289/product/dgh104zr_2d6f2aff093b4adbb3eb327ce3fef21a_medium.jpg,,sen-tam
Bát sen massage TBW02006V,https://tototuantu.vn/products/bat-sen-massage-tbw02006v,"3,002,220₫","3,849,000₫",https://product.hstatic.net/1000238289/product/_tbw02006a__3162442e2dea4d4088882b95fe489c30_medium.jpg,,sen-tam
Bát sen massage TBW01010V,https://tototuantu.vn/products/bat-sen-massage-tbw01010v,"3,002,220₫","3,849,000₫",https://product.hstatic.net/1000238289/product/tbw01010a_2fa77f93608c42cbaa3dbb3d77377040_medium.jpg,,sen-tam
Bát sen tắm TBW02017B ( Gồm 5 mã màu ),https://tototuantu.vn/products/bat-sen-tam-tbw02017b-gom-5-ma-mau,"3,545,880₫","4,546,000₫",https://product.hstatic.net/1000238289/product/tbw02017b_4ad0fabd773143f18b3069db1060be9e_medium.jpg,,sen-tam
Sen tắm nóng lạnh TVSM103NSS,https://tototuantu.vn/products/sen-tam-nong-lanh-tvsm103nss,"2,424,000₫","3,030,000₫",https://product.hstatic.net/1000238289/product/3_tvsm103ns_sm_1_6a9bc447d25448e89e68375971f1131c_medium.png,,sen-tam
